angular_x,angular_y,angular_z,linear_x,linear_y,linear_z
0.0,0.0,0.0,-0.0913047338183,0.35936208061,0.0
0.0,0.0,0.0,-0.090998801095,0.359865195229,0.0
0.0,0.0,0.0,-0.091226315548,0.360182591298,0.0
0.0,0.0,0.0,-0.0912292794612,0.360659056568,0.0
0.0,0.0,0.0,-0.0913818344722,0.361025018478,0.0
0.0,0.0,0.0,-0.0916993102488,0.361464068128,0.0
0.0,0.0,0.0,-0.091395240045,0.361880239261,0.0
0.0,0.0,0.0,-0.0917003699018,0.362382640863,0.0
0.0,0.0,0.0,-0.0920479350386,0.362590802076,0.0
0.0,0.0,0.0,-0.0920801022515,0.363060243207,0.0
0.0,0.0,0.0,-0.0922783290122,0.363492442253,0.0
0.0,0.0,0.0,-0.0923761275897,0.363877679439,0.0
0.0,0.0,0.0,-0.0924874759767,0.364339955322,0.0
0.0,0.0,0.0,-0.0924403822199,0.364706684696,0.0
0.0,0.0,0.0,-0.0926087371435,0.365164661825,0.0
0.0,0.0,0.0,-0.0926417989894,0.365589379634,0.0
0.0,0.0,0.0,-0.092889942434,0.365916899882,0.0
0.0,0.0,0.0,-0.0927546150903,0.36641188873,0.0
0.0,0.0,0.0,-0.0930760062001,0.366810852187,0.0
0.0,0.0,0.0,-0.093027988535,0.367247116116,0.0
0.0,0.0,0.0,-0.0931266738566,0.367636696717,0.0
0.0,0.0,0.0,-0.0935775424331,0.367862292662,0.0
0.0,0.0,0.0,-0.0937667815208,0.368376787574,0.0
0.0,0.0,0.0,-0.093632526575,0.368910392735,0.0
0.0,0.0,0.0,-0.0937443357837,0.369154649641,0.0
0.0,0.0,0.0,-0.0938665874747,0.369636063049,0.0
0.0,0.0,0.0,-0.0934660773932,0.370094541174,0.0
0.0,0.0,0.0,-0.0940885315408,0.370540345897,0.0
0.0,0.0,0.0,-0.0942908582706,0.370900497027,0.0
0.0,0.0,0.0,-0.09464835477,0.371160768088,0.0
0.0,0.0,0.0,-0.0947669265085,0.371647231329,0.0
0.0,0.0,0.0,-0.0948611488628,0.372016742913,0.0
0.0,0.0,0.0,-0.094868606992,0.372508039992,0.0
0.0,0.0,0.0,-0.0966125710641,0.372842176926,0.0
0.0,0.0,0.0,-0.0966934779201,0.373106645827,0.0
0.0,0.0,0.0,-0.0967502510915,0.373325713834,0.0
0.0,0.0,0.0,-0.103537812407,0.379502456444,0.0
0.0,0.0,0.0,-0.107044952759,0.377964962304,0.0
0.0,0.0,0.0,-0.105657328022,0.373065398919,0.0
0.0,0.0,0.0,-0.105773298595,0.373474879348,0.0
0.0,0.0,0.0,-0.116544363684,0.404631950656,0.0
0.0,0.0,0.0,-0.109407688984,0.378605704415,0.0
0.0,0.0,0.0,-0.108720086306,0.376226252855,0.0
0.0,0.0,0.0,-0.123833194365,0.408132070881,0.0
0.0,0.0,0.0,-0.120136216496,0.387412514153,0.0
0.0,0.0,0.0,-0.122150579409,0.387823046184,0.0
0.0,0.0,0.0,-0.126306894934,0.388709661068,0.0
0.0,0.0,0.0,-0.12744711618,0.389002072473,0.0
0.0,0.0,0.0,-0.125775970862,0.382842463942,0.0
0.0,0.0,0.0,-0.126728943321,0.382819360483,0.0
0.0,0.0,0.0,-0.1357837128,0.39478056864,0.0
0.0,0.0,0.0,-0.133598722207,0.387089420287,0.0
0.0,0.0,0.0,-0.134286692631,0.38160409422,0.0
0.0,0.0,0.0,-0.142421872567,0.387209727689,0.0
0.0,0.0,0.0,-0.143912831918,0.383264294324,0.0
0.0,0.0,0.0,-0.147347271558,0.384788768965,0.0
0.0,0.0,0.0,-0.147311628143,0.384867574535,0.0
0.0,0.0,0.0,-0.148896363758,0.386743699264,0.0
0.0,0.0,0.0,-0.146286089253,0.384977306759,0.0
0.0,0.0,0.0,-0.144204087509,0.387040950817,0.0
0.0,0.0,0.0,-0.143282667025,0.387923453065,0.0
0.0,0.0,0.0,-0.146620574905,0.386127118679,0.0
0.0,0.0,0.0,-0.147787195129,0.385678343983,0.0
0.0,0.0,0.0,-0.148438490602,0.385907679135,0.0
0.0,0.0,0.0,-0.148734996212,0.385367530658,0.0
0.0,0.0,0.0,-0.149037477176,0.386071127205,0.0
0.0,0.0,0.0,-0.149280749644,0.386731000331,0.0
0.0,0.0,0.0,-0.149285602132,0.385821565371,0.0
0.0,0.0,0.0,-0.149516759825,0.386625715912,0.0
0.0,0.0,0.0,-0.149843020814,0.387139936238,0.0
0.0,0.0,0.0,-0.150424025891,0.387970010137,0.0
0.0,0.0,0.0,-0.150353040195,0.388025853342,0.0
0.0,0.0,0.0,-0.150159602461,0.388304763454,0.0
0.0,0.0,0.0,-0.150476513508,0.389962346275,0.0
0.0,0.0,0.0,-0.150422370167,0.389890839808,0.0
0.0,0.0,0.0,-0.150743242174,0.390395566417,0.0
0.0,0.0,0.0,-0.151031344403,0.391337275676,0.0
0.0,0.0,0.0,-0.150742903768,0.39191086087,0.0
0.0,0.0,0.0,-0.150775463532,0.391613580161,0.0
0.0,0.0,0.0,-0.151156831046,0.392864883838,0.0
0.0,0.0,0.0,-0.151712521199,0.392877481618,0.0
0.0,0.0,0.0,-0.151582993761,0.393747131561,0.0
0.0,0.0,0.0,-0.151103624979,0.3936831318,0.0
0.0,0.0,0.0,-0.15141304627,0.394623142874,0.0
0.0,0.0,0.0,-0.152046241799,0.394412117733,0.0
0.0,0.0,0.0,-0.152353543143,0.394984434367,0.0
0.0,0.0,0.0,-0.151437042292,0.395231499863,0.0
0.0,0.0,0.0,-0.150912362559,0.396304620172,0.0
0.0,0.0,0.0,-0.151372946249,0.396005442834,0.0
0.0,0.0,0.0,-0.151637964417,0.396277971155,0.0
0.0,0.0,0.0,-0.151713500277,0.396853499357,0.0
0.0,0.0,0.0,-0.151837389826,0.397177570722,0.0
0.0,0.0,0.0,-0.151892500534,0.397553657231,0.0
0.0,0.0,0.0,-0.151257676336,0.39803981021,0.0
0.0,0.0,0.0,-0.150996043882,0.398402770775,0.0
0.0,0.0,0.0,-0.151565669464,0.399649672063,0.0
0.0,0.0,0.0,-0.151373072212,0.398222208914,0.0
0.0,0.0,0.0,-0.151868374343,0.399116132111,0.0
0.0,0.0,0.0,-0.151868974552,0.399413216354,0.0
0.0,0.0,0.0,-0.150853202288,0.39991575131,0.0
0.0,0.0,0.0,-0.150649868096,0.39988290372,0.0
0.0,0.0,0.0,-0.150666892369,0.40025079819,0.0
0.0,0.0,0.0,-0.150502381536,0.40022810015,0.0
0.0,0.0,0.0,-0.150033299201,0.399678097413,0.0
0.0,0.0,0.0,-0.150151787415,0.400457973332,0.0
0.0,0.0,0.0,-0.149832384444,0.401022139544,0.0
0.0,0.0,0.0,-0.150318410809,0.401898394151,0.0
0.0,0.0,0.0,-0.151050431684,0.402210463023,0.0
0.0,0.0,0.0,-0.151352766411,0.403592051749,0.0
0.0,0.0,0.0,-0.151622873026,0.403283415098,0.0
0.0,0.0,0.0,-0.151915495645,0.404302207039,0.0
0.0,0.0,0.0,-0.151934225856,0.40358030037,0.0
0.0,0.0,0.0,-0.152568980204,0.403780917603,0.0
0.0,0.0,0.0,-0.152879735528,0.401713783669,0.0
0.0,0.0,0.0,-0.152788893536,0.401176305608,0.0
0.0,0.0,0.0,-0.152336216208,0.39776058338,0.0
0.0,0.0,0.0,-0.151692483882,0.394485408176,0.0
0.0,0.0,0.0,-0.150627671045,0.39117513451,0.0
0.0,0.0,0.0,-0.149438379726,0.387464157219,0.0
0.0,0.0,0.0,-0.147489440993,0.383899196708,0.0
0.0,0.0,0.0,-0.146933813514,0.381079290072,0.0
0.0,0.0,0.0,-0.144563486602,0.376073787312,0.0
0.0,0.0,0.0,-0.143989431708,0.373132347112,0.0
0.0,0.0,0.0,-0.142592109997,0.368940308483,0.0
0.0,0.0,0.0,-0.142136907271,0.365638885203,0.0
0.0,0.0,0.0,-0.141478955627,0.361608438954,0.0
0.0,0.0,0.0,-0.140615411408,0.358661987036,0.0
0.0,0.0,0.0,-0.139731092987,0.353682264907,0.0
0.0,0.0,0.0,-0.138742518501,0.350987286204,0.0
0.0,0.0,0.0,-0.138005769327,0.347267416158,0.0
0.0,0.0,0.0,-0.136794507904,0.344534761934,0.0
0.0,0.0,0.0,-0.136324734096,0.340523820482,0.0
0.0,0.0,0.0,-0.13542360513,0.337110556897,0.0
0.0,0.0,0.0,-0.134034396456,0.3338892279,0.0
0.0,0.0,0.0,-0.133020600747,0.331356637441,0.0
0.0,0.0,0.0,-0.13214473316,0.327558683602,0.0
0.0,0.0,0.0,-0.131579090903,0.324786606318,0.0
0.0,0.0,0.0,-0.130810381707,0.322057050669,0.0
0.0,0.0,0.0,-0.130059930735,0.319199253538,0.0
0.0,0.0,0.0,-0.129409580984,0.316289598447,0.0
0.0,0.0,0.0,-0.128922639331,0.313656667023,0.0
0.0,0.0,0.0,-0.128416679442,0.31092099339,0.0
0.0,0.0,0.0,-0.128322777894,0.308946578484,0.0
0.0,0.0,0.0,-0.127837930975,0.305700466949,0.0
0.0,0.0,0.0,-0.127308153745,0.303013879496,0.0
0.0,0.0,0.0,-0.126854336957,0.300271009256,0.0
0.0,0.0,0.0,-0.126228651368,0.297892116273,0.0
0.0,0.0,0.0,-0.12575510788,0.295325270818,0.0
0.0,0.0,0.0,-0.125456379919,0.292796058262,0.0
0.0,0.0,0.0,-0.125248246216,0.290315146743,0.0
0.0,0.0,0.0,-0.125232815656,0.288211658915,0.0
0.0,0.0,0.0,-0.125252873585,0.285931602029,0.0
0.0,0.0,0.0,-0.125189451579,0.283694915878,0.0
0.0,0.0,0.0,-0.1251883416,0.282017876227,0.0
0.0,0.0,0.0,-0.125374840613,0.279405047784,0.0
0.0,0.0,0.0,-0.125728387408,0.27749867201,0.0
0.0,0.0,0.0,-0.126217052638,0.275493330797,0.0
0.0,0.0,0.0,-0.126542959187,0.273657329394,0.0
0.0,0.0,0.0,-0.1267968289,0.271633752169,0.0
0.0,0.0,0.0,-0.127092907176,0.269649799711,0.0
0.0,0.0,0.0,-0.127489869751,0.267681078137,0.0
0.0,0.0,0.0,0.0,0.0,0.0
0.0,0.0,0.0,0.0,0.0,0.0
0.0,0.0,0.0,0.0,0.0,0.0
0.0,0.0,0.0,0.0,0.0,0.0
0.0,0.0,0.0,0.0,0.0,0.0
0.0,0.0,0.0,0.0,0.0,0.0
0.0,0.0,0.0,0.0,0.0,0.0
0.0,0.0,0.0,0.0,0.0,0.0
0.0,0.0,0.0,0.0,0.0,0.0
0.0,0.0,0.0,0.0,0.0,0.0
0.0,0.0,0.0,0.0,0.0,0.0
0.0,0.0,0.0,0.0,0.0,0.0
0.0,0.0,0.0,0.0,0.0,0.0
0.0,0.0,0.0,0.0,0.0,0.0
0.0,0.0,0.0,0.0,0.0,0.0
0.0,0.0,0.0,0.0,0.0,0.0
0.0,0.0,0.0,0.0,0.0,0.0
0.0,0.0,0.0,0.0,0.0,0.0
0.0,0.0,0.0,0.0,0.0,0.0
0.0,0.0,0.0,0.0,0.0,0.0
0.0,0.0,0.0,0.0,0.0,0.0
0.0,0.0,0.0,0.0,0.0,0.0
0.0,0.0,0.0,0.0,0.0,0.0
0.0,0.0,0.0,0.0,0.0,0.0
0.0,0.0,0.0,0.0,0.0,0.0
0.0,0.0,0.0,0.0,0.0,0.0
0.0,0.0,0.0,0.0,0.0,0.0
0.0,0.0,0.0,0.0,0.0,0.0
0.0,0.0,0.0,0.0,0.0,0.0
0.0,0.0,0.0,0.0,0.0,0.0
0.0,0.0,0.0,0.0,0.0,0.0
0.0,0.0,0.0,0.0,0.0,0.0
0.0,0.0,0.0,0.0,0.0,0.0
0.0,0.0,0.0,0.0,0.0,0.0
0.0,0.0,0.0,0.0,0.0,0.0
0.0,0.0,0.0,0.0,0.0,0.0
0.0,0.0,0.0,0.0,0.0,0.0
0.0,0.0,0.0,0.0,0.0,0.0
0.0,0.0,0.0,0.0,0.0,0.0
0.0,0.0,0.0,0.0,0.0,0.0
0.0,0.0,0.0,0.0,0.0,0.0
0.0,0.0,0.0,0.0,0.0,0.0
0.0,0.0,0.0,0.0,0.0,0.0
0.0,0.0,0.0,0.0,0.0,0.0
0.0,0.0,0.0,0.0,0.0,0.0
0.0,0.0,0.0,0.0,0.0,0.0
0.0,0.0,0.0,0.0,0.0,0.0
0.0,0.0,0.0,0.0,0.0,0.0
0.0,0.0,0.0,0.0,0.0,0.0
0.0,0.0,0.0,0.0,0.0,0.0
0.0,0.0,0.0,0.0,0.0,0.0
0.0,0.0,0.0,0.0,0.0,0.0
0.0,0.0,0.0,0.0,0.0,0.0
0.0,0.0,0.0,0.0,0.0,0.0
0.0,0.0,0.0,0.0,0.0,0.0
0.0,0.0,0.0,0.0,0.0,0.0
0.0,0.0,0.0,0.0,0.0,0.0
0.0,0.0,0.0,0.0,0.0,0.0
0.0,0.0,0.0,0.0,0.0,0.0
0.0,0.0,0.0,0.0,0.0,0.0
0.0,0.0,0.0,0.0,0.0,0.0
0.0,0.0,0.0,0.0,0.0,0.0
0.0,0.0,0.0,0.0,0.0,0.0
0.0,0.0,0.0,0.0,0.0,0.0
0.0,0.0,0.0,0.0,0.0,0.0
0.0,0.0,0.0,0.0,0.0,0.0
0.0,0.0,0.0,0.0,0.0,0.0
0.0,0.0,0.0,0.0,0.0,0.0
0.0,0.0,0.0,0.0,0.0,0.0
0.0,0.0,0.0,0.0,0.0,0.0
0.0,0.0,0.0,0.0,0.0,0.0
0.0,0.0,0.0,0.0,0.0,0.0
0.0,0.0,0.0,0.0,0.0,0.0
0.0,0.0,0.0,0.0,0.0,0.0
0.0,0.0,0.0,0.0,0.0,0.0
0.0,0.0,0.0,0.0,0.0,0.0
0.0,0.0,0.0,0.0,0.0,0.0
0.0,0.0,0.0,0.0,0.0,0.0
0.0,0.0,0.0,0.0,0.0,0.0
0.0,0.0,0.0,0.0,0.0,0.0
0.0,0.0,0.0,0.0,0.0,0.0
0.0,0.0,0.0,0.0,0.0,0.0
0.0,0.0,0.0,0.0,0.0,0.0
0.0,0.0,0.0,0.0,0.0,0.0
0.0,0.0,0.0,0.0,0.0,0.0
0.0,0.0,0.0,0.0,0.0,0.0
0.0,0.0,0.0,0.0,0.0,0.0
0.0,0.0,0.0,0.0,0.0,0.0
0.0,0.0,0.0,0.0,0.0,0.0
0.0,0.0,0.0,0.0,0.0,0.0
0.0,0.0,0.0,0.0,0.0,0.0
0.0,0.0,0.0,0.0,0.0,0.0
0.0,0.0,0.0,0.0,0.0,0.0
0.0,0.0,0.0,0.0,0.0,0.0
0.0,0.0,0.0,0.0,0.0,0.0
0.0,0.0,0.0,0.0,0.0,0.0
0.0,0.0,0.0,0.0,0.0,0.0
0.0,0.0,0.0,0.0,0.0,0.0
0.0,0.0,0.0,0.0,0.0,0.0
0.0,0.0,0.0,0.0,0.0,0.0
0.0,0.0,0.0,0.0,0.0,0.0
0.0,0.0,0.0,0.0,0.0,0.0
0.0,0.0,0.0,0.0,0.0,0.0
0.0,0.0,0.0,0.0,0.0,0.0
0.0,0.0,0.0,0.0,0.0,0.0
0.0,0.0,0.0,0.0,0.0,0.0
0.0,0.0,0.0,0.0,0.0,0.0
0.0,0.0,0.0,0.0,0.0,0.0
0.0,0.0,0.0,0.0,0.0,0.0
0.0,0.0,0.0,0.0,0.0,0.0
0.0,0.0,0.0,0.0,0.0,0.0
0.0,0.0,0.0,0.0,0.0,0.0
0.0,0.0,0.0,0.0,0.0,0.0
0.0,0.0,0.0,0.0,0.0,0.0
0.0,0.0,0.0,0.0,0.0,0.0
0.0,0.0,0.0,0.0,0.0,0.0
0.0,0.0,0.0,0.0,0.0,0.0
0.0,0.0,0.0,0.0,0.0,0.0
0.0,0.0,0.0,0.0,0.0,0.0
0.0,0.0,0.0,0.0,0.0,0.0
0.0,0.0,0.0,0.0,0.0,0.0
0.0,0.0,0.0,0.0,0.0,0.0
0.0,0.0,0.0,0.0,0.0,0.0
0.0,0.0,0.0,0.0,0.0,0.0
0.0,0.0,0.0,0.0,0.0,0.0
0.0,0.0,0.0,0.0,0.0,0.0
0.0,0.0,0.0,0.0,0.0,0.0
0.0,0.0,0.0,0.0,0.0,0.0
0.0,0.0,0.0,0.0,0.0,0.0
0.0,0.0,0.0,0.0,0.0,0.0
0.0,0.0,0.0,0.0,0.0,0.0
0.0,0.0,0.0,0.0,0.0,0.0
0.0,0.0,0.0,0.0,0.0,0.0
0.0,0.0,0.0,0.0,0.0,0.0
0.0,0.0,0.0,0.0,0.0,0.0
0.0,0.0,0.0,0.0,0.0,0.0
0.0,0.0,0.0,0.0,0.0,0.0
0.0,0.0,0.0,0.0,0.0,0.0
0.0,0.0,0.0,0.0,0.0,0.0
0.0,0.0,0.0,0.0,0.0,0.0
0.0,0.0,0.0,0.0,0.0,0.0
0.0,0.0,0.0,0.0,0.0,0.0
0.0,0.0,0.0,0.0,0.0,0.0
0.0,0.0,0.0,0.0,0.0,0.0
0.0,0.0,0.0,0.0,0.0,0.0
0.0,0.0,0.0,0.0,0.0,0.0
0.0,0.0,0.0,0.0,0.0,0.0
0.0,0.0,0.0,0.0,0.0,0.0
0.0,0.0,0.0,0.0,0.0,0.0
0.0,0.0,0.0,0.0,0.0,0.0
0.0,0.0,0.0,0.0,0.0,0.0
0.0,0.0,0.0,0.0,0.0,0.0
0.0,0.0,0.0,0.0,0.0,0.0
0.0,0.0,0.0,0.0,0.0,0.0
0.0,0.0,0.0,0.0,0.0,0.0
0.0,0.0,0.0,0.0,0.0,0.0
0.0,0.0,0.0,0.0,0.0,0.0
0.0,0.0,0.0,0.0,0.0,0.0
0.0,0.0,0.0,0.0,0.0,0.0
0.0,0.0,0.0,0.0,0.0,0.0
0.0,0.0,0.0,0.0,0.0,0.0
0.0,0.0,0.0,0.0,0.0,0.0
0.0,0.0,0.0,0.0,0.0,0.0
0.0,0.0,0.0,0.0,0.0,0.0
0.0,0.0,0.0,0.0,0.0,0.0
0.0,0.0,0.0,0.0,0.0,0.0
0.0,0.0,0.0,0.0,0.0,0.0
0.0,0.0,0.0,0.0,0.0,0.0
0.0,0.0,0.0,0.0,0.0,0.0
0.0,0.0,0.0,0.0,0.0,0.0
0.0,0.0,0.0,0.0,0.0,0.0
0.0,0.0,0.0,0.0,0.0,0.0
0.0,0.0,0.0,0.0,0.0,0.0
0.0,0.0,0.0,0.0,0.0,0.0
0.0,0.0,0.0,0.0,0.0,0.0
0.0,0.0,0.0,0.0,0.0,0.0
0.0,0.0,0.0,0.0,0.0,0.0
0.0,0.0,0.0,0.0,0.0,0.0
0.0,0.0,0.0,0.0,0.0,0.0
0.0,0.0,0.0,0.170929763306,0.246542118139,0.0
0.0,0.0,0.0,0.170658409521,0.2467300291,0.0
0.0,0.0,0.0,0.170810524994,0.246624744402,0.0
0.0,0.0,0.0,0.170817010001,0.246620252806,0.0
0.0,0.0,0.0,0.171057804002,0.246453297178,0.0
0.0,0.0,0.0,0.170894092242,0.246566845372,0.0
0.0,0.0,0.0,0.170553178881,0.24680278194,0.0
0.0,0.0,0.0,0.170664590937,0.24672575342,0.0
0.0,0.0,0.0,0.170352281171,0.246941491653,0.0
0.0,0.0,0.0,0.169926109211,0.247234943745,0.0
0.0,0.0,0.0,0.169832744503,0.247299087937,0.0
0.0,0.0,0.0,0.168740225898,0.248045834804,0.0
0.0,0.0,0.0,0.167483049726,0.248896420333,0.0
0.0,0.0,0.0,0.165580989621,0.250165816762,0.0
0.0,0.0,0.0,0.163715576891,0.251390552494,0.0
0.0,0.0,0.0,0.161684206786,0.25270183473,0.0
0.0,0.0,0.0,0.158786413177,0.254532659968,0.0
0.0,0.0,0.0,0.15603174569,0.256230549188,0.0
0.0,0.0,0.0,0.152801727205,0.258169773915,0.0
0.0,0.0,0.0,0.150073998391,0.259764884091,0.0
0.0,0.0,0.0,0.145760369672,0.262209676849,0.0
0.0,0.0,0.0,0.142399327582,0.264050054922,0.0
0.0,0.0,0.0,0.137683248797,0.266539533655,0.0
0.0,0.0,0.0,0.132725099001,0.269042836915,0.0
0.0,0.0,0.0,0.126775436249,0.271897018674,0.0
0.0,0.0,0.0,0.121615835694,0.274243666305,0.0
0.0,0.0,0.0,0.116224434297,0.276571655945,0.0
0.0,0.0,0.0,0.109501731231,0.279301576897,0.0
0.0,0.0,0.0,0.104429853806,0.281237276395,0.0
0.0,0.0,0.0,0.0992048017635,0.283122601194,0.0
0.0,0.0,0.0,0.0955777829815,0.284367521704,0.0
0.0,0.0,0.0,0.0870497212755,0.287092922285,0.0
0.0,0.0,0.0,0.0796557853278,0.289231664698,0.0
0.0,0.0,0.0,0.0750480147271,0.290461349383,0.0
0.0,0.0,0.0,0.0679972406672,0.292192360033,0.0
0.0,0.0,0.0,0.062444986196,0.293429077801,0.0
0.0,0.0,0.0,0.0551651432306,0.294884395946,0.0
0.0,0.0,0.0,0.0485868959768,0.296039378359,0.0
0.0,0.0,0.0,0.0425666262095,0.296964782985,0.0
0.0,0.0,0.0,0.0356913776273,0.297869309535,0.0
0.0,0.0,0.0,0.0294463354808,0.298551357938,0.0
0.0,0.0,0.0,0.021173333361,0.299251883794,0.0
0.0,0.0,0.0,0.0186550722941,0.299419418672,0.0
0.0,0.0,0.0,0.010248311404,0.299824902424,0.0
0.0,0.0,0.0,0.00149529341013,0.299996273473,0.0
0.0,0.0,0.0,-0.00445531985094,0.299966915051,0.0
0.0,0.0,0.0,-0.00823978550071,0.299886821876,0.0
0.0,0.0,0.0,-0.0150990582392,0.299619789801,0.0
0.0,0.0,0.0,-0.0233573131761,0.299089344379,0.0
0.0,0.0,0.0,-0.0250447111551,0.298952776276,0.0
0.0,0.0,0.0,-0.0335326280225,0.298120047729,0.0
0.0,0.0,0.0,-0.0342958480808,0.298033210908,0.0
0.0,0.0,0.0,-0.0499024806924,0.295820456393,0.0
0.0,0.0,0.0,-0.0499024806924,0.295820456393,0.0
0.0,0.0,0.0,-0.060428983773,0.293850877011,0.0
0.0,0.0,0.0,-0.060428983773,0.293850877011,0.0
0.0,0.0,0.0,-0.0715329565709,0.291346934297,0.0
0.0,0.0,0.0,-0.0752983220592,0.290396561094,0.0
0.0,0.0,0.0,-0.0822208627047,0.288512962856,0.0
0.0,0.0,0.0,-0.0833363144562,0.288192745733,0.0
0.0,0.0,0.0,-0.089479233958,0.286345013385,0.0
0.0,0.0,0.0,-0.089479233958,0.286345013385,0.0
0.0,0.0,0.0,-0.0911783247056,0.285808525247,0.0
0.0,0.0,0.0,-0.0959912743146,0.284228209816,0.0
0.0,0.0,0.0,-0.109818806277,0.279177058133,0.0
0.0,0.0,0.0,-0.117380870038,0.276082834217,0.0
0.0,0.0,0.0,-0.121184421863,0.274434574895,0.0
0.0,0.0,0.0,-0.121184421863,0.274434574895,0.0
0.0,0.0,0.0,-0.130697894913,0.270033442865,0.0
0.0,0.0,0.0,-0.135920450711,0.267442762247,0.0
0.0,0.0,0.0,-0.136789413197,0.266999356623,0.0
0.0,0.0,0.0,-0.143144125614,0.263647035451,0.0
0.0,0.0,0.0,-0.147377186346,0.261304353092,0.0
0.0,0.0,0.0,-0.150272998505,0.259649814019,0.0
0.0,0.0,0.0,-0.153962919538,0.257478968864,0.0
0.0,0.0,0.0,-0.15495034476,0.256885948738,0.0
0.0,0.0,0.0,-0.15495034476,0.256885948738,0.0
0.0,0.0,0.0,-0.156681543873,0.255833722972,0.0
0.0,0.0,0.0,-0.163380418299,0.251608503267,0.0
0.0,0.0,0.0,-0.163380418299,0.251608503267,0.0
0.0,0.0,0.0,-0.174317802246,0.24415835808,0.0
0.0,0.0,0.0,-0.177946083146,0.241526792495,0.0
0.0,0.0,0.0,-0.180423326479,0.239681921016,0.0
0.0,0.0,0.0,-0.182869965496,0.237820469514,0.0
0.0,0.0,0.0,-0.186541048172,0.234951989451,0.0
0.0,0.0,0.0,-0.189416928194,0.232639694191,0.0
0.0,0.0,0.0,-0.192555760082,0.230048428074,0.0
0.0,0.0,0.0,-0.192555760082,0.230048428074,0.0
0.0,0.0,0.0,-0.192555760082,0.230048428074,0.0
0.0,0.0,0.0,-0.199537436702,0.224019667339,0.0
0.0,0.0,0.0,-0.199537436702,0.224019667339,0.0
0.0,0.0,0.0,-0.199537436702,0.224019667339,0.0
0.0,0.0,0.0,-0.207544036791,0.216622881507,0.0
0.0,0.0,0.0,-0.209634676583,0.214600331719,0.0
0.0,0.0,0.0,-0.21182427827,0.212439344603,0.0
0.0,0.0,0.0,-0.21182427827,0.212439344603,0.0
0.0,0.0,0.0,-0.21182427827,0.212439344603,0.0
0.0,0.0,0.0,-0.21859229163,0.205468756847,0.0
0.0,0.0,0.0,-0.219645146904,0.204342872255,0.0
0.0,0.0,0.0,-0.219645146904,0.204342872255,0.0
0.0,0.0,0.0,-0.2200166639,0.203942804742,0.0
0.0,0.0,0.0,-1.0,1.0,0.0
0.0,0.0,0.0,0.719285874627,-0.201120842964,0.0
0.0,0.0,0.0,-0.156679996571,0.0438095812772,0.0
0.0,0.0,0.0,-0.124340178008,0.0323749347554,0.0
0.0,0.0,0.0,-0.115650797499,0.0271158483603,0.0
0.0,0.0,0.0,-0.132848739369,0.0295036769388,0.0
0.0,0.0,0.0,-0.14930055335,0.0329699575168,0.0
0.0,0.0,0.0,-0.108651471934,0.0211797297933,0.0
0.0,0.0,0.0,-0.133747092661,0.0249361577857,0.0
0.0,0.0,0.0,-0.107971310445,0.0179918321391,0.0
0.0,0.0,0.0,-0.12212325721,0.0180411879565,0.0
0.0,0.0,0.0,-0.111993199963,0.0147812947493,0.0
0.0,0.0,0.0,-0.102697758761,0.0107922120154,0.0
0.0,0.0,0.0,-0.114569579316,0.0103988756857,0.0
0.0,0.0,0.0,-0.106867768883,0.00896643866321,0.0
0.0,0.0,0.0,-0.0970974957365,0.00605621406738,0.0
0.0,0.0,0.0,-0.103872793008,0.00461787916103,0.0
0.0,0.0,0.0,-0.110320415073,0.00313858002003,0.0
0.0,0.0,0.0,-0.104391091637,0.00150152914818,0.0
0.0,0.0,0.0,-0.103968733647,-0.000694972074629,0.0
0.0,0.0,0.0,-0.104141643783,-0.00278820797889,0.0
0.0,0.0,0.0,-0.103854576661,-0.00514163924021,0.0
0.0,0.0,0.0,-0.100122753133,-0.00581632920221,0.0
0.0,0.0,0.0,-0.108814643117,-0.00760532084193,0.0
0.0,0.0,0.0,-0.10287396201,-0.00856845693804,0.0
0.0,0.0,0.0,-0.103795940416,-0.0100245556877,0.0
0.0,0.0,0.0,-0.0985574410504,-0.011490330486,0.0
0.0,0.0,0.0,-0.103488528089,-0.0128925130123,0.0
0.0,0.0,0.0,-0.106159661396,-0.0138554119901,0.0
0.0,0.0,0.0,-0.101764951266,-0.0146166505554,0.0
0.0,0.0,0.0,-0.100830060708,-0.0149927351163,0.0
0.0,0.0,0.0,-0.105140423637,-0.0165005032042,0.0
0.0,0.0,0.0,-0.0993285403765,-0.0170690610489,0.0
0.0,0.0,0.0,-0.102298013422,-0.017721192224,0.0
0.0,0.0,0.0,-0.106192407726,-0.0188045617552,0.0
0.0,0.0,0.0,-0.103027749822,-0.0188632208494,0.0
0.0,0.0,0.0,-0.102895244114,-0.0192048849699,0.0
0.0,0.0,0.0,-0.102372261378,-0.0196742379498,0.0
0.0,0.0,0.0,-0.10386427926,-0.0206668442546,0.0
0.0,0.0,0.0,-0.102186532532,-0.0205564529214,0.0
0.0,0.0,0.0,-0.1015399694,-0.021009946322,0.0
0.0,0.0,0.0,-0.103612820853,-0.0216707099699,0.0
0.0,0.0,0.0,-0.102012102647,-0.021478823489,0.0
0.0,0.0,0.0,-0.100606558068,-0.0212969388422,0.0
0.0,0.0,0.0,-0.103037366905,-0.0218354934441,0.0
0.0,0.0,0.0,-0.100804128132,-0.021602622286,0.0
0.0,0.0,0.0,-0.102985991192,-0.021894994633,0.0
0.0,0.0,0.0,-0.103536402479,-0.0222357957344,0.0
0.0,0.0,0.0,-0.101925773496,-0.0221727426093,0.0
0.0,0.0,0.0,-0.101333838214,-0.0229904402243,0.0
0.0,0.0,0.0,-0.102297342925,-0.0220130159654,0.0
0.0,0.0,0.0,-0.101710235489,-0.0221057856205,0.0
0.0,0.0,0.0,-0.101489261785,-0.0217784641304,0.0
0.0,0.0,0.0,-0.10188867733,-0.0217955916013,0.0
0.0,0.0,0.0,-0.100674013044,-0.0214381969109,0.0
0.0,0.0,0.0,-0.10027119361,-0.0211610492708,0.0
0.0,0.0,0.0,-0.102678285061,-0.0217192082193,0.0
0.0,0.0,0.0,-0.0995306507454,-0.020081987298,0.0
0.0,0.0,0.0,-0.100436547136,-0.0207491101176,0.0
0.0,0.0,0.0,-0.10036235916,-0.0204679113474,0.0
0.0,0.0,0.0,-0.100888415566,-0.0207342051319,0.0
0.0,0.0,0.0,-0.0990629771779,-0.0201743354925,0.0
0.0,0.0,0.0,-0.10195824812,-0.0209771715129,0.0
0.0,0.0,0.0,-0.0999814300754,-0.0198943225947,0.0
0.0,0.0,0.0,-0.100034887631,-0.0204046489203,0.0
0.0,0.0,0.0,-0.100942470988,-0.0196937115688,0.0
0.0,0.0,0.0,-0.100899023595,-0.0192519106675,0.0
0.0,0.0,0.0,-0.100207870083,-0.0190007939936,0.0
0.0,0.0,0.0,-0.100526513574,-0.0185313857136,0.0
0.0,0.0,0.0,-0.10038695572,-0.0181623923215,0.0
0.0,0.0,0.0,-0.10066113468,-0.0183145141639,0.0
0.0,0.0,0.0,-0.10071826224,-0.0181508816589,0.0
0.0,0.0,0.0,-0.0995900978062,-0.0180117576023,0.0
0.0,0.0,0.0,-0.0991081435658,-0.0175078707977,0.0
0.0,0.0,0.0,-0.0998877841449,-0.018243358941,0.0
0.0,0.0,0.0,-0.0994103302505,-0.0176474994048,0.0
0.0,0.0,0.0,-0.100037394478,-0.0176807444107,0.0
0.0,0.0,0.0,-0.0982991322122,-0.0177547757438,0.0
0.0,0.0,0.0,-0.0992896241897,-0.0164993680756,0.0
0.0,0.0,0.0,-0.0994015731145,-0.016353744417,0.0
0.0,0.0,0.0,-0.0985352952195,-0.0174289013979,0.0
0.0,0.0,0.0,-0.0993489782136,-0.016681713422,0.0
0.0,0.0,0.0,-0.0988723760806,-0.0157984905516,0.0
0.0,0.0,0.0,-0.0986429292912,-0.0149309666542,0.0
0.0,0.0,0.0,-0.0999724732628,-0.0154713750733,0.0
0.0,0.0,0.0,-0.0996658887853,-0.0153752557818,0.0
0.0,0.0,0.0,-0.0988822982342,-0.0144016173625,0.0
0.0,0.0,0.0,-0.100239752428,-0.0147309573622,0.0
0.0,0.0,0.0,-0.100611973559,-0.0144539592101,0.0
0.0,0.0,0.0,-0.101171436728,-0.0144023629326,0.0
0.0,0.0,0.0,-0.100130956716,-0.0137431917544,0.0
0.0,0.0,0.0,-0.100997090146,-0.0149844358806,0.0
0.0,0.0,0.0,-0.101096616883,-0.0138258439815,0.0
0.0,0.0,0.0,-0.100994049118,-0.0136052921719,0.0
0.0,0.0,0.0,-0.100676778442,-0.0130880735608,0.0
0.0,0.0,0.0,-0.0992261266242,-0.0120279869737,0.0
0.0,0.0,0.0,-0.100636753941,-0.0126582509415,0.0
0.0,0.0,0.0,-0.0996309952744,-0.0123283438501,0.0
0.0,0.0,0.0,-0.0981956861969,-0.0125995603131,0.0
0.0,0.0,0.0,-0.0985392878705,-0.0118784887658,0.0
0.0,0.0,0.0,-0.097334227825,-0.0113469135222,0.0
0.0,0.0,0.0,-0.0967068030139,-0.0111393115846,0.0
0.0,0.0,0.0,-0.0975797942528,-0.011286478218,0.0
0.0,0.0,0.0,-0.0956053193508,-0.0105315772659,0.0
0.0,0.0,0.0,-0.0954359219252,-0.0101544942714,0.0
0.0,0.0,0.0,-0.0966281617728,-0.00982375321517,0.0
0.0,0.0,0.0,-0.0944140448862,-0.00915584117343,0.0
0.0,0.0,0.0,-0.0949116768905,-0.00891605590584,0.0
0.0,0.0,0.0,-0.097049963749,-0.00966382222417,0.0
0.0,0.0,0.0,-0.0952289472292,-0.00926848004667,0.0
0.0,0.0,0.0,-0.0952653146148,-0.00927617893582,0.0
0.0,0.0,0.0,-0.0957276747624,-0.00881071961312,0.0
0.0,0.0,0.0,-0.0955252299369,-0.00836711365211,0.0
0.0,0.0,0.0,-0.0970652982227,-0.0089963299239,0.0
0.0,0.0,0.0,-0.0961135657143,-0.00810830887557,0.0
0.0,0.0,0.0,-0.0979766222554,-0.00814277891877,0.0
0.0,0.0,0.0,-0.0960987008349,-0.00714271523475,0.0
0.0,0.0,0.0,-0.099075117872,-0.00786157437174,0.0
0.0,0.0,0.0,-0.0967449108041,-0.00759756391314,0.0
0.0,0.0,0.0,-0.0975715831761,-0.00826986257321,0.0
0.0,0.0,0.0,-0.0983430332127,-0.00634695698843,0.0
0.0,0.0,0.0,-0.0980627121328,-0.00663306001285,0.0
0.0,0.0,0.0,-0.0967224955037,-0.00574280112352,0.0
0.0,0.0,0.0,-0.0987355264487,-0.00631964088428,0.0
0.0,0.0,0.0,-0.0981492958102,-0.0057905489806,0.0
0.0,0.0,0.0,-0.0976526680691,-0.0067342035579,0.0
0.0,0.0,0.0,-0.0977998768782,-0.00582369667717,0.0
0.0,0.0,0.0,-0.0975248409067,-0.00535884505047,0.0
0.0,0.0,0.0,-0.0984011465373,-0.00660796795204,0.0
0.0,0.0,0.0,-0.0980578146649,-0.00531306936323,0.0
0.0,0.0,0.0,-0.0978479110074,-0.00451612165552,0.0
0.0,0.0,0.0,-0.0983031823366,-0.00471640859764,0.0
0.0,0.0,0.0,-0.0983521912982,-0.00434463221361,0.0
0.0,0.0,0.0,-0.0978451540834,-0.0043452276676,0.0
0.0,0.0,0.0,-0.0984707660049,-0.00422489907774,0.0
0.0,0.0,0.0,-0.0974997223511,-0.00382721702084,0.0
0.0,0.0,0.0,-0.097355124045,-0.00367215195717,0.0
0.0,0.0,0.0,-0.0969637227147,-0.00405747972116,0.0
0.0,0.0,0.0,-0.0972467881312,-0.00281060324025,0.0
0.0,0.0,0.0,-0.0986361332186,-0.00326788691582,0.0
0.0,0.0,0.0,-0.096954888208,-0.00331520391936,0.0
0.0,0.0,0.0,-0.0968660708673,-0.00291025382228,0.0
0.0,0.0,0.0,-0.0959140951095,-0.00249572835538,0.0
0.0,0.0,0.0,-0.0973641936933,-0.00257033761736,0.0
0.0,0.0,0.0,-0.0970698038127,-0.00211291475509,0.0
0.0,0.0,0.0,-0.0951752165133,-0.00310539940799,0.0
0.0,0.0,0.0,-0.0971578029488,-0.00325727569578,0.0
0.0,0.0,0.0,-0.0961603503216,-0.00239912919769,0.0
0.0,0.0,0.0,-0.09662876317,-0.00162324128965,0.0
0.0,0.0,0.0,-0.0962080440734,-0.00145020443943,0.0
0.0,0.0,0.0,-0.0968426908708,-0.00132773630204,0.0
0.0,0.0,0.0,-0.0958307746489,-0.000745964806257,0.0
0.0,0.0,0.0,-0.0974029358057,-0.000403508524973,0.0
0.0,0.0,0.0,-0.0977385400872,-0.00072853294029,0.0
0.0,0.0,0.0,-0.096920287724,-0.000446514437933,0.0
0.0,0.0,0.0,-0.0969147523479,-0.000123024411737,0.0
0.0,0.0,0.0,-0.0972698808829,-0.000302585950359,0.0
0.0,0.0,0.0,-0.0970302026702,-0.000185676840728,0.0
0.0,0.0,0.0,-0.0964728781481,0.000189911771605,0.0
0.0,0.0,0.0,-0.0975504076433,0.000255351634506,0.0
0.0,0.0,0.0,-0.0977571145165,0.000305198761513,0.0
0.0,0.0,0.0,-0.0956706803276,0.00109317917265,0.0
0.0,0.0,0.0,-0.0969595763048,0.00131402700631,0.0
0.0,0.0,0.0,-0.0977624454057,0.00122250054024,0.0
0.0,0.0,0.0,-0.0969681015204,0.00129349328564,0.0
0.0,0.0,0.0,-0.0970989689165,0.0012252882409,0.0
0.0,0.0,0.0,-0.096590960192,0.00171242571987,0.0
0.0,0.0,0.0,-0.0956937795746,0.00162034579992,0.0
0.0,0.0,0.0,-0.095232415457,0.00173797220195,0.0
0.0,0.0,0.0,-0.0955843462656,0.00197541778224,0.0
0.0,0.0,0.0,-0.0957821732637,0.00169853015675,0.0
0.0,0.0,0.0,-0.0932990942174,0.00265021366713,0.0
0.0,0.0,0.0,-0.0938956972704,0.003129607821,0.0
0.0,0.0,0.0,-0.0951610201518,0.00277809020916,0.0
0.0,0.0,0.0,-0.0928488236474,0.00254188019594,0.0
0.0,0.0,0.0,-0.0932578666864,0.00259561362443,0.0
0.0,0.0,0.0,-0.0918949888268,0.00308341989544,0.0
0.0,0.0,0.0,-0.0928264725343,0.00242901972541,0.0
0.0,0.0,0.0,-0.0942425910491,0.00293159644441,0.0
0.0,0.0,0.0,-0.0926471462213,0.00332175404082,0.0
0.0,0.0,0.0,-0.0939906057696,0.00300447673811,0.0
0.0,0.0,0.0,-0.0926541430029,0.00315833793801,0.0
0.0,0.0,0.0,-0.0933096826851,0.00351585098426,0.0
0.0,0.0,0.0,-0.0934267152085,0.00346550698043,0.0
0.0,0.0,0.0,-0.0934098175386,0.0035046839629,0.0
0.0,0.0,0.0,-0.0925720712889,0.00344837042093,0.0
0.0,0.0,0.0,-0.0937129645382,0.00361887921684,0.0
0.0,0.0,0.0,-0.0924172281984,0.00368404544975,0.0
0.0,0.0,0.0,-0.0928540961645,0.0038834442385,0.0
0.0,0.0,0.0,-0.0928097159121,0.00393922827806,0.0
0.0,0.0,0.0,-0.0918332657911,0.00425958078736,0.0
0.0,0.0,0.0,-0.0921614198352,0.00475732613967,0.0
0.0,0.0,0.0,-0.093355477743,0.00458557913336,0.0
0.0,0.0,0.0,-0.0925686774871,0.00432300201386,0.0
0.0,0.0,0.0,-0.0924587448115,0.00484275844909,0.0
0.0,0.0,0.0,-0.0937165127499,0.00484345809325,0.0
0.0,0.0,0.0,-0.0921129932845,0.0048564401985,0.0
0.0,0.0,0.0,-0.0925202425249,0.00555070370219,0.0
0.0,0.0,0.0,-0.0945669326255,0.00544942728527,0.0
0.0,0.0,0.0,-0.0932725134985,0.0056052390064,0.0
0.0,0.0,0.0,-0.0945850202294,0.00611436090691,0.0
0.0,0.0,0.0,-0.0937222200949,0.00611428216837,0.0
0.0,0.0,0.0,-0.0935000053338,0.00642947284209,0.0
0.0,0.0,0.0,-0.0955191151074,0.00627472838568,0.0
0.0,0.0,0.0,-0.0936094879092,0.00640125192512,0.0
0.0,0.0,0.0,-0.0943586171998,0.00649140705232,0.0
0.0,0.0,0.0,-0.091859647987,0.00703452584184,0.0
0.0,0.0,0.0,-0.095059098578,0.00720754839949,0.0
0.0,0.0,0.0,-0.0915910497722,0.00775716974528,0.0
0.0,0.0,0.0,-0.0938761789472,0.00734965881056,0.0
0.0,0.0,0.0,-0.0912772986544,0.00748256936302,0.0
0.0,0.0,0.0,-0.0934281602333,0.00787120013056,0.0
0.0,0.0,0.0,-0.0925265315178,0.00789828272439,0.0
0.0,0.0,0.0,-0.0928949693998,0.00795350554094,0.0
0.0,0.0,0.0,-0.0913911859743,0.00825810249499,0.0
0.0,0.0,0.0,-0.0906266279623,0.00898526886197,0.0
0.0,0.0,0.0,-0.093772266067,0.00878768596198,0.0
0.0,0.0,0.0,-0.0919559391968,0.00866633277296,0.0
0.0,0.0,0.0,-0.0919686202385,0.00896041171731,0.0
0.0,0.0,0.0,-0.092747070869,0.00910209322303,0.0
0.0,0.0,0.0,-0.091851953093,0.0091231635503,0.0
0.0,0.0,0.0,-0.0914256836096,0.00956812316212,0.0
0.0,0.0,0.0,-0.0917012638838,0.00976681482141,0.0
0.0,0.0,0.0,-0.0922324045783,0.0102902191573,0.0
0.0,0.0,0.0,-0.0916003146631,0.00874553439785,0.0
0.0,0.0,0.0,-0.0927262255326,0.0092694755818,0.0
0.0,0.0,0.0,-0.0939038757481,0.00938720063589,0.0
0.0,0.0,0.0,-0.0933203290704,0.00963264817211,0.0
0.0,0.0,0.0,-0.0860373159484,0.00872505524239,0.0
0.0,0.0,0.0,-0.0913044601919,0.00805074003943,0.0
0.0,0.0,0.0,-0.091959824072,0.0101071785562,0.0
0.0,0.0,0.0,-0.0920214512193,0.0113360899056,0.0
0.0,0.0,0.0,-0.0907211660695,0.01134943507,0.0
0.0,0.0,0.0,-0.0919354342904,0.0117385949385,0.0
0.0,0.0,0.0,-0.090652885412,0.0107155478598,0.0
0.0,0.0,0.0,-0.0933256754319,0.0104212984325,0.0
0.0,0.0,0.0,-0.0914213955501,0.00985588159427,0.0
0.0,0.0,0.0,-0.0927827199973,0.0103545283855,0.0
0.0,0.0,0.0,-0.0929430455405,0.0127242662181,0.0
0.0,0.0,0.0,-0.0927054633599,0.0133348320226,0.0
0.0,0.0,0.0,-0.0936675086509,0.0138085765386,0.0
0.0,0.0,0.0,-0.0928680451774,0.0140538091693,0.0
0.0,0.0,0.0,-0.0933343692966,0.0147197503058,0.0
0.0,0.0,0.0,-0.0950787731328,0.0146539151806,0.0
0.0,0.0,0.0,-0.0933320525181,0.0131127081796,0.0
0.0,0.0,0.0,-0.0946402232325,0.0127344854995,0.0
0.0,0.0,0.0,-0.0947753953456,0.0129990915863,0.0
0.0,0.0,0.0,-0.0952090446231,0.0131587227237,0.0
0.0,0.0,0.0,-0.0956025564029,0.0139548036581,0.0
0.0,0.0,0.0,-0.0966039832001,0.0128820071429,0.0
0.0,0.0,0.0,-0.0939127547559,0.0143460362714,0.0
0.0,0.0,0.0,-0.0933903107976,0.0170955678637,0.0
0.0,0.0,0.0,-0.097310304496,0.0173435246319,0.0
0.0,0.0,0.0,-0.0950759238685,0.0170407989129,0.0
0.0,0.0,0.0,-0.0949660038754,0.0172045939439,0.0
0.0,0.0,0.0,-0.0957525870563,0.0179832300793,0.0
0.0,0.0,0.0,-0.0939188477793,0.0178100738442,0.0
0.0,0.0,0.0,-0.0958002689247,0.0186401093755,0.0
0.0,0.0,0.0,-0.0961283082777,0.0181546353263,0.0
0.0,0.0,0.0,-0.0957042536037,0.0179839065184,0.0
0.0,0.0,0.0,-0.0954358827545,0.0182369721246,0.0
0.0,0.0,0.0,-0.0955291032624,0.0182987740229,0.0
0.0,0.0,0.0,-0.095575915927,0.0186060384456,0.0
0.0,0.0,0.0,-0.0959831448249,0.0186285220429,0.0
0.0,0.0,0.0,-0.0962047485013,0.0186005688553,0.0
0.0,0.0,0.0,-0.0956095569204,0.0188746210173,0.0
0.0,0.0,0.0,-0.0966045166584,0.0191294276467,0.0
0.0,0.0,0.0,-0.0964350783769,0.0197535983209,0.0
0.0,0.0,0.0,-0.0965370357922,0.01926918162,0.0
0.0,0.0,0.0,-0.096642572592,0.0172505798133,0.0
0.0,0.0,0.0,-0.0966012366497,0.0179785639766,0.0
0.0,0.0,0.0,-0.0974538513966,0.0188661244586,0.0
0.0,0.0,0.0,-0.0976865449173,0.0179020512612,0.0
0.0,0.0,0.0,-0.0979037296964,0.0178152648448,0.0
0.0,0.0,0.0,-0.0970155732758,0.0178211153178,0.0
0.0,0.0,0.0,-0.097276421598,0.0180945366638,0.0
0.0,0.0,0.0,-0.0984059162845,0.0183065397898,0.0
0.0,0.0,0.0,-0.096781967695,0.0182986377137,0.0
0.0,0.0,0.0,-0.0971039760501,0.0186221657752,0.0
0.0,0.0,0.0,-0.0965464467633,0.0191270643257,0.0
0.0,0.0,0.0,-0.0980717851167,0.0207620182205,0.0
0.0,0.0,0.0,-0.0975075127974,0.0196379881594,0.0
0.0,0.0,0.0,-0.0963840146414,0.0205520628347,0.0
0.0,0.0,0.0,-0.0971212505032,0.0223068879074,0.0
0.0,0.0,0.0,-0.096710046675,0.0214350363008,0.0
0.0,0.0,0.0,-0.096336903553,0.0206941326681,0.0
0.0,0.0,0.0,-0.0961555843903,0.0221633107131,0.0
0.0,0.0,0.0,-0.0974378587436,0.0208734788701,0.0
0.0,0.0,0.0,-0.0969278783624,0.0209184702585,0.0
0.0,0.0,0.0,-0.0968290454347,0.0212129759368,0.0
0.0,0.0,0.0,-0.0977866055346,0.0227815649498,0.0
0.0,0.0,0.0,-0.0958582035842,0.0229057587814,0.0
0.0,0.0,0.0,-0.096168425117,0.0220396358065,0.0
0.0,0.0,0.0,-0.095973458349,0.0223192404224,0.0
0.0,0.0,0.0,-0.0965133302261,0.0233093155373,0.0
0.0,0.0,0.0,-0.0972447722492,0.0240293765505,0.0
0.0,0.0,0.0,-0.0956705968688,0.0262319558193,0.0
0.0,0.0,0.0,-0.0979973522377,0.0260508076022,0.0
0.0,0.0,0.0,-0.0961864946465,0.025602160676,0.0
0.0,0.0,0.0,-0.0972692171699,0.0258525782435,0.0
0.0,0.0,0.0,-0.0974912997586,0.0237537530309,0.0
0.0,0.0,0.0,-0.0972927426286,0.0238574167114,0.0
0.0,0.0,0.0,-0.0980549689315,0.0240958138316,0.0
0.0,0.0,0.0,-0.097694666691,0.0239861181341,0.0
0.0,0.0,0.0,-0.0962658275451,0.0243541048551,0.0
0.0,0.0,0.0,-0.0972412067359,0.0247074428614,0.0
0.0,0.0,0.0,-0.0960922729266,0.0249449808233,0.0
0.0,0.0,0.0,-0.0950105143391,0.0247038055475,0.0
0.0,0.0,0.0,-0.0944254211306,0.0250792040485,0.0
0.0,0.0,0.0,-0.0951303583901,0.0251393989456,0.0
0.0,0.0,0.0,-0.0946235839307,0.0251994884155,0.0
0.0,0.0,0.0,-0.0918870581028,0.0250063582512,0.0
0.0,0.0,0.0,-0.093369791553,0.0255863753854,0.0
0.0,0.0,0.0,-0.0925648337927,0.0257147304966,0.0
0.0,0.0,0.0,-0.091587319225,0.0258536746517,0.0
0.0,0.0,0.0,-0.0926613796049,0.0273551110645,0.0
0.0,0.0,0.0,-0.0908013803813,0.0280236817174,0.0
0.0,0.0,0.0,-0.091094590816,0.0270496758697,0.0
0.0,0.0,0.0,-0.091439607324,0.0274096636809,0.0
0.0,0.0,0.0,-0.0909596311102,0.0274341933703,0.0
0.0,0.0,0.0,-0.0898753071926,0.0274437711517,0.0
0.0,0.0,0.0,-0.0899252179842,0.0280056641736,0.0
0.0,0.0,0.0,-0.0857824734397,0.0282558464876,0.0
0.0,0.0,0.0,-0.0913546162621,0.0295090293749,0.0
0.0,0.0,0.0,-0.0914353758432,0.0292923170738,0.0
0.0,0.0,0.0,-0.0895776353768,0.0293982304741,0.0
0.0,0.0,0.0,-0.0888130879079,0.029229330148,0.0
0.0,0.0,0.0,-0.090083873923,0.0301672822838,0.0
0.0,0.0,0.0,-0.0916287508704,0.0303306656885,0.0
0.0,0.0,0.0,-0.0865691652576,0.0299141101029,0.0
0.0,0.0,0.0,-0.0903855128351,0.0312727589567,0.0
0.0,0.0,0.0,-0.088590677158,0.0313314463067,0.0
0.0,0.0,0.0,-0.0897181434304,0.0321613844944,0.0
0.0,0.0,0.0,-0.0862435474305,0.0329041709646,0.0
0.0,0.0,0.0,-0.0913398106053,0.0336999329945,0.0
0.0,0.0,0.0,-0.0905469271823,0.0331259198204,0.0
0.0,0.0,0.0,-0.0874548242489,0.0329276669689,0.0
0.0,0.0,0.0,-0.0910303367899,0.033790549989,0.0
0.0,0.0,0.0,-0.0876902407133,0.033554764668,0.0
0.0,0.0,0.0,-0.0881247680716,0.0341310857048,0.0
0.0,0.0,0.0,-0.0889512384982,0.0346487024474,0.0
0.0,0.0,0.0,-0.0893293987498,0.0352932397566,0.0
0.0,0.0,0.0,-0.088891475464,0.0355623487638,0.0
0.0,0.0,0.0,-0.0907178960289,0.0360143526489,0.0
0.0,0.0,0.0,-0.0885471019344,0.035848748574,0.0
0.0,0.0,0.0,-0.0908212244165,0.0369844135767,0.0
0.0,0.0,0.0,-0.0897093007388,0.037072652543,0.0
0.0,0.0,0.0,-0.0888773583934,0.0373916613763,0.0
0.0,0.0,0.0,-0.0897648445542,0.0384867697914,0.0
0.0,0.0,0.0,-0.0900779679331,0.038407331,0.0
0.0,0.0,0.0,-0.0911262389562,0.0387898458788,0.0
0.0,0.0,0.0,-0.088846714853,0.0386776909213,0.0
0.0,0.0,0.0,-0.0891916717232,0.0385726765335,0.0
0.0,0.0,0.0,-0.0875653814161,0.0385075964823,0.0
0.0,0.0,0.0,-0.0879260281905,0.0393080570344,0.0
0.0,0.0,0.0,-0.0880958567637,0.0395374332031,0.0
0.0,0.0,0.0,-0.0861464365371,0.0390970227154,0.0
0.0,0.0,0.0,-0.0864663141954,0.0395484612014,0.0
0.0,0.0,0.0,-0.0852081643675,0.0400128218402,0.0
0.0,0.0,0.0,-0.0847704612002,0.0406579766696,0.0
0.0,0.0,0.0,-0.0853545524079,0.0407722472955,0.0
0.0,0.0,0.0,-0.0810489620686,0.0408886402138,0.0
0.0,0.0,0.0,-0.0870869538789,0.04248038648,0.0
0.0,0.0,0.0,-0.0847353908231,0.0414173226466,0.0
0.0,0.0,0.0,-0.0845085023379,0.0421380090792,0.0
0.0,0.0,0.0,-0.0846657346711,0.0427125389174,0.0
0.0,0.0,0.0,-0.0830493158289,0.0436614876796,0.0
0.0,0.0,0.0,-0.0831413094038,0.0446070404989,0.0
0.0,0.0,0.0,-0.0865026111334,0.0454707292608,0.0
0.0,0.0,0.0,-0.0832207754491,0.0447490378363,0.0
0.0,0.0,0.0,-0.0845421711984,0.0462118366494,0.0
0.0,0.0,0.0,-0.0864560098859,0.045877633307,0.0
0.0,0.0,0.0,-0.0835639164084,0.0464554817231,0.0
0.0,0.0,0.0,-0.0838562225048,0.0467942416145,0.0
0.0,0.0,0.0,-0.0864357652692,0.0468838840847,0.0
0.0,0.0,0.0,-0.0859906860476,0.0462778876831,0.0
0.0,0.0,0.0,-0.0817327730589,0.0471220508962,0.0
0.0,0.0,0.0,-0.0866207629625,0.0476308642361,0.0
0.0,0.0,0.0,-0.0834870121579,0.0464657061064,0.0
0.0,0.0,0.0,-0.0850095261741,0.0472462987673,0.0
0.0,0.0,0.0,-0.0845691836154,0.0468541489096,0.0
0.0,0.0,0.0,-0.084889852519,0.0468941852331,0.0
0.0,0.0,0.0,-0.0845255225761,0.0467350391976,0.0
0.0,0.0,0.0,-0.0832778185349,0.0472608405562,0.0
0.0,0.0,0.0,-0.084902971613,0.0475862594995,0.0
0.0,0.0,0.0,-0.0835893179312,0.0470994873153,0.0
0.0,0.0,0.0,-0.0849448274554,0.0475081871007,0.0
0.0,0.0,0.0,-0.0847645515445,0.0474079918694,0.0
0.0,0.0,0.0,-0.0843187429213,0.0476643942278,0.0
0.0,0.0,0.0,-0.0839620135783,0.0477782272939,0.0
0.0,0.0,0.0,-0.0840617413255,0.0481851591752,0.0
0.0,0.0,0.0,-0.0845051990207,0.0482617455087,0.0
0.0,0.0,0.0,-0.0814669688603,0.0485754871024,0.0
0.0,0.0,0.0,-0.0844165049631,0.0496807307595,0.0
0.0,0.0,0.0,-0.084665084666,0.0489585879888,0.0
0.0,0.0,0.0,-0.0842639526499,0.0488510398073,0.0
0.0,0.0,0.0,-0.0815913969263,0.0488237283307,0.0
0.0,0.0,0.0,-0.0836431563275,0.0508796225075,0.0
0.0,0.0,0.0,-0.0827425936011,0.0507552009415,0.0
0.0,0.0,0.0,-0.0825203422756,0.050128472032,0.0
0.0,0.0,0.0,-0.0821139828747,0.0503307807662,0.0
0.0,0.0,0.0,-0.0849484933935,0.0505707311232,0.0
0.0,0.0,0.0,-0.0841107398662,0.0499117947644,0.0
0.0,0.0,0.0,-0.0819019433266,0.0513235664238,0.0
0.0,0.0,0.0,-0.0833765700391,0.0511143341787,0.0
0.0,0.0,0.0,-0.0829258498811,0.0505850065375,0.0
0.0,0.0,0.0,-0.0838017366846,0.0498215173874,0.0
0.0,0.0,0.0,-0.0831280521392,0.0490977442389,0.0
0.0,0.0,0.0,-0.0825546092895,0.0491106888111,0.0
0.0,0.0,0.0,-0.0808880179021,0.0492739669383,0.0
0.0,0.0,0.0,-0.0828110765795,0.0500734043375,0.0
0.0,0.0,0.0,-0.0824728119515,0.0493947234679,0.0
0.0,0.0,0.0,-0.0807457816465,0.0491889945393,0.0
0.0,0.0,0.0,-0.0818408451169,0.0493367976713,0.0
0.0,0.0,0.0,-0.0808497325716,0.0489332305312,0.0
0.0,0.0,0.0,-0.0807318198093,0.0489571796025,0.0
0.0,0.0,0.0,-0.0805002703367,0.0490829241141,0.0
0.0,0.0,0.0,-0.0782902167074,0.0495803941663,0.0
0.0,0.0,0.0,-0.0816821422981,0.0502873840976,0.0
0.0,0.0,0.0,-0.0805318855843,0.0496507751525,0.0
0.0,0.0,0.0,-0.0790568313378,0.0504619961434,0.0
0.0,0.0,0.0,-0.0785381120143,0.0519367280911,0.0
0.0,0.0,0.0,-0.0779129391723,0.0512691057027,0.0
0.0,0.0,0.0,-0.0804883202905,0.0518280232412,0.0
0.0,0.0,0.0,-0.0813507104438,0.0511340360086,0.0
0.0,0.0,0.0,-0.077562363843,0.0501847902036,0.0
0.0,0.0,0.0,-0.0787250519785,0.0515969013893,0.0
0.0,0.0,0.0,-0.0783406688769,0.0513808427964,0.0
0.0,0.0,0.0,-0.0816851881347,0.051628965724,0.0
0.0,0.0,0.0,-0.0763355610881,0.0506051331161,0.0
0.0,0.0,0.0,-0.0766214435729,0.050774680032,0.0
0.0,0.0,0.0,-0.0774307928212,0.0520446065348,0.0
0.0,0.0,0.0,-0.0776025306039,0.051538226561,0.0
0.0,0.0,0.0,-0.076438210317,0.0503383744474,0.0
0.0,0.0,0.0,-0.0749208334597,0.050485965348,0.0
0.0,0.0,0.0,-0.0760086176621,0.0515047185156,0.0
0.0,0.0,0.0,-0.0763412587515,0.05179830724,0.0
0.0,0.0,0.0,-0.0767202914436,0.0515226850855,0.0
0.0,0.0,0.0,-0.0770988058914,0.0512733514678,0.0
0.0,0.0,0.0,-0.0757083448112,0.0513349526128,0.0
0.0,0.0,0.0,-0.0758381846951,0.0524309003967,0.0
0.0,0.0,0.0,-0.0778326711337,0.0527798543439,0.0
0.0,0.0,0.0,-0.0778355070634,0.0521995791147,0.0
0.0,0.0,0.0,-0.077941651739,0.0523751775543,0.0
0.0,0.0,0.0,-0.078400697391,0.0526865163087,0.0
0.0,0.0,0.0,-0.0760443154873,0.052902866648,0.0
0.0,0.0,0.0,-0.0776301466108,0.0542641658361,0.0
0.0,0.0,0.0,-0.0783813473168,0.054424921103,0.0
0.0,0.0,0.0,-0.0789526728324,0.0551201195155,0.0
0.0,0.0,0.0,-0.0778130768422,0.0552952358243,0.0
0.0,0.0,0.0,-0.0783127009251,0.0542567262384,0.0
0.0,0.0,0.0,-0.0787295976797,0.0542634216307,0.0
0.0,0.0,0.0,-0.0787337673046,0.0543209071685,0.0
0.0,0.0,0.0,-0.0788171154521,0.0543641352887,0.0
0.0,0.0,0.0,-0.0784790117075,0.0547151162392,0.0
0.0,0.0,0.0,-0.0786115077916,0.0544554546908,0.0
0.0,0.0,0.0,-0.078413581862,0.0543969705774,0.0
0.0,0.0,0.0,-0.0767459551452,0.054815693797,0.0
0.0,0.0,0.0,-0.0772493085714,0.055995577713,0.0
0.0,0.0,0.0,-0.077104330668,0.0557857935615,0.0
0.0,0.0,0.0,-0.0773240841635,0.0560071000593,0.0
0.0,0.0,0.0,-0.0773931544409,0.0560065787895,0.0
0.0,0.0,0.0,-0.077917236304,0.0569516740234,0.0
0.0,0.0,0.0,-0.0769272452136,0.0563125888181,0.0
0.0,0.0,0.0,-0.0758848405365,0.0548241916969,0.0
0.0,0.0,0.0,-0.0777793218421,0.0560087353057,0.0
0.0,0.0,0.0,-0.0771928385734,0.055461999426,0.0
0.0,0.0,0.0,-0.0767424597246,0.0551605738923,0.0
0.0,0.0,0.0,-0.0761082117409,0.054951081449,0.0
0.0,0.0,0.0,-0.0760573911683,0.0553216196844,0.0
0.0,0.0,0.0,-0.0765063661177,0.0551708394079,0.0
0.0,0.0,0.0,-0.0764961313047,0.0552609954595,0.0
0.0,0.0,0.0,-0.0750486012005,0.0542506780396,0.0
0.0,0.0,0.0,-0.0763789081559,0.05475182173,0.0
0.0,0.0,0.0,-0.0750228227484,0.0549657154456,0.0
0.0,0.0,0.0,-0.0751537288057,0.0550654523833,0.0
0.0,0.0,0.0,-0.0752955702463,0.0550047486726,0.0
0.0,0.0,0.0,-0.0758916829881,0.0564012813226,0.0
0.0,0.0,0.0,-0.0750219954284,0.055204932009,0.0
0.0,0.0,0.0,-0.0753008977359,0.0551941072098,0.0
0.0,0.0,0.0,-0.0766705877524,0.0551134171359,0.0
0.0,0.0,0.0,-0.0752109096464,0.0545281991931,0.0
0.0,0.0,0.0,-0.0753335108669,0.055266400666,0.0
0.0,0.0,0.0,-0.0769815498535,0.0553137117859,0.0
0.0,0.0,0.0,-0.0753072612799,0.0554734307433,0.0
0.0,0.0,0.0,-0.0755841703147,0.0548683239634,0.0
0.0,0.0,0.0,-0.0754764330325,0.0538823321891,0.0
0.0,0.0,0.0,-0.0762902182515,0.0543150462471,0.0
0.0,0.0,0.0,-0.0758545013916,0.0542648706543,0.0
0.0,0.0,0.0,-0.0756581533512,0.0541342149056,0.0
0.0,0.0,0.0,-0.0754879902226,0.0538082528404,0.0
0.0,0.0,0.0,-0.0748093558562,0.0539669509105,0.0
0.0,0.0,0.0,-0.0744257154858,0.0544631613326,0.0
0.0,0.0,0.0,-0.0759464669976,0.0545718064018,0.0
0.0,0.0,0.0,-0.0751695205663,0.054604727226,0.0
0.0,0.0,0.0,-0.0735935159024,0.0536708996674,0.0
0.0,0.0,0.0,-0.0743745030144,0.0544099636517,0.0
0.0,0.0,0.0,-0.0755946364789,0.0544195982373,0.0
0.0,0.0,0.0,-0.074190540367,0.0544274308765,0.0
0.0,0.0,0.0,-0.0725339250088,0.0535047300584,0.0
0.0,0.0,0.0,-0.0739172438625,0.0544327745984,0.0
0.0,0.0,0.0,-0.073885301281,0.0539840221677,0.0
0.0,0.0,0.0,-0.0736744929778,0.0537961634992,0.0
0.0,0.0,0.0,-0.0726429255574,0.0536492155002,0.0
0.0,0.0,0.0,-0.0731561138234,0.0545621279521,0.0
0.0,0.0,0.0,-0.0731464679389,0.0537085737508,0.0
0.0,0.0,0.0,-0.07286978561,0.0539276941552,0.0
0.0,0.0,0.0,-0.0718122911496,0.0533227481933,0.0
0.0,0.0,0.0,-0.0732030237947,0.0551699794334,0.0
0.0,0.0,0.0,-0.072321110287,0.0542772664194,0.0
0.0,0.0,0.0,-0.0715716040088,0.0529191841185,0.0
0.0,0.0,0.0,-0.0721328093768,0.0535936084181,0.0
0.0,0.0,0.0,-0.0742165127936,0.0537325580432,0.0
0.0,0.0,0.0,-0.0723731632419,0.0523345238858,0.0
0.0,0.0,0.0,-0.0718662828498,0.052758514505,0.0
0.0,0.0,0.0,-0.0723332677204,0.0534202132128,0.0
0.0,0.0,0.0,-0.0725252847189,0.0518811533428,0.0
0.0,0.0,0.0,-0.0709415569878,0.0517571645321,0.0
0.0,0.0,0.0,-0.0721194142034,0.052718461128,0.0
0.0,0.0,0.0,-0.0713406071932,0.0513105192631,0.0
0.0,0.0,0.0,-0.0731789243155,0.0517170158168,0.0
0.0,0.0,0.0,-0.0714329133628,0.0499971909689,0.0
0.0,0.0,0.0,-0.0716655883792,0.0501907853719,0.0
0.0,0.0,0.0,-0.0699130079727,0.0504934316264,0.0
0.0,0.0,0.0,-0.0726774935528,0.0508519262239,0.0
0.0,0.0,0.0,-0.069821216847,0.0499343087306,0.0
0.0,0.0,0.0,-0.0713399671956,0.0508925392367,0.0
0.0,0.0,0.0,-0.0715566872899,0.0509385643102,0.0
0.0,0.0,0.0,-0.0706292422051,0.0501202771918,0.0
0.0,0.0,0.0,-0.0731710889376,0.0504830580802,0.0
0.0,0.0,0.0,-0.0707304906515,0.049647523912,0.0
0.0,0.0,0.0,-0.0705113390921,0.0503716974944,0.0
0.0,0.0,0.0,-0.0710045783567,0.0505933324532,0.0
0.0,0.0,0.0,-0.0704341152228,0.0498652786648,0.0
0.0,0.0,0.0,-0.0702318673228,0.050067773404,0.0
0.0,0.0,0.0,-0.0699410079997,0.0504342206766,0.0
0.0,0.0,0.0,-0.068226515691,0.04944785882,0.0
0.0,0.0,0.0,-0.0711265607794,0.0502106229601,0.0
0.0,0.0,0.0,-0.0688952403513,0.0501236789188,0.0
0.0,0.0,0.0,-0.067662934072,0.0491728658368,0.0
0.0,0.0,0.0,-0.0675605697533,0.0489265410189,0.0
0.0,0.0,0.0,-0.0682883004183,0.049640072798,0.0
0.0,0.0,0.0,-0.0680175277881,0.0501240568957,0.0
0.0,0.0,0.0,-0.0687983055162,0.049009503182,0.0
0.0,0.0,0.0,-0.0683417891247,0.0482056115682,0.0
0.0,0.0,0.0,-0.0667841140291,0.0484095485792,0.0
0.0,0.0,0.0,-0.0680637656173,0.0480785190635,0.0
0.0,0.0,0.0,-0.06612327109,0.0474797867204,0.0
0.0,0.0,0.0,-0.0658667958083,0.0480028247042,0.0
0.0,0.0,0.0,-0.0672558564587,0.0486446436121,0.0
0.0,0.0,0.0,-0.0681025802272,0.0483074234234,0.0
0.0,0.0,0.0,-0.0669502006299,0.0476074631403,0.0
0.0,0.0,0.0,-0.0657227473529,0.0474436094009,0.0
0.0,0.0,0.0,-0.0671786819052,0.0490931410842,0.0
0.0,0.0,0.0,-0.0666947201003,0.0485089402031,0.0
0.0,0.0,0.0,-0.0668848013973,0.0486173036994,0.0
0.0,0.0,0.0,-0.0667028934488,0.0484544729885,0.0
0.0,0.0,0.0,-0.0666448876889,0.0483848919076,0.0
0.0,0.0,0.0,-0.0671856022063,0.048629149342,0.0
0.0,0.0,0.0,-0.0670644694781,0.0494814394852,0.0
0.0,0.0,0.0,-0.0662605265282,0.0481303671742,0.0
0.0,0.0,0.0,-0.0682359317162,0.0487359149004,0.0
0.0,0.0,0.0,-0.0665351273208,0.0475478970651,0.0
0.0,0.0,0.0,-0.0648613378322,0.04843047799,0.0
0.0,0.0,0.0,-0.0649315788085,0.0492375579086,0.0
0.0,0.0,0.0,-0.0655504083921,0.0477936800698,0.0
0.0,0.0,0.0,-0.0658590679557,0.0485404592089,0.0
0.0,0.0,0.0,-0.0646481075018,0.0468415712458,0.0
0.0,0.0,0.0,-0.0653991491597,0.0479008051844,0.0
0.0,0.0,0.0,-0.0640239894192,0.0466990111798,0.0
0.0,0.0,0.0,-0.0627619810611,0.0458546066872,0.0
0.0,0.0,0.0,-0.0659674833352,0.0471508406548,0.0
0.0,0.0,0.0,-0.0632343448743,0.0454563205811,0.0
0.0,0.0,0.0,-0.0649437754445,0.0468086253661,0.0
0.0,0.0,0.0,-0.0633586634378,0.0445059403417,0.0
0.0,0.0,0.0,-0.0644222452206,0.0450459978973,0.0
0.0,0.0,0.0,-0.0638124611281,0.0446807683208,0.0
0.0,0.0,0.0,-0.0639100270915,0.0453735253569,0.0
0.0,0.0,0.0,-0.0651983050434,0.044103332926,0.0
0.0,0.0,0.0,-0.0628031866632,0.043475644748,0.0
0.0,0.0,0.0,-0.0638505221253,0.0445133753624,0.0
0.0,0.0,0.0,-0.0649517102152,0.0452874861187,0.0
0.0,0.0,0.0,-0.0634204514642,0.0445033458981,0.0
0.0,0.0,0.0,-0.0646013736314,0.0435634140035,0.0
0.0,0.0,0.0,-0.0642297259072,0.0437167082242,0.0
0.0,0.0,0.0,-0.0630350605647,0.043013721556,0.0
0.0,0.0,0.0,-0.0633274592418,0.0434804159187,0.0
0.0,0.0,0.0,-0.0636515098596,0.0445197534761,0.0
0.0,0.0,0.0,-0.0638861537224,0.0444403419005,0.0
0.0,0.0,0.0,-0.0633956021975,0.0442957043164,0.0
0.0,0.0,0.0,-0.0629614710379,0.0426628497389,0.0
0.0,0.0,0.0,-0.0636473698299,0.0431935677222,0.0
0.0,0.0,0.0,-0.0639284739584,0.0432713572399,0.0
0.0,0.0,0.0,-0.0648412083386,0.0436063509262,0.0
0.0,0.0,0.0,-0.0651101208726,0.0440283415542,0.0
0.0,0.0,0.0,-0.063685282173,0.0425140869753,0.0
0.0,0.0,0.0,-0.0647172790738,0.0429538571216,0.0
0.0,0.0,0.0,-0.0644624322104,0.042875556402,0.0
0.0,0.0,0.0,-0.0662328753455,0.0430898248073,0.0
0.0,0.0,0.0,-0.0633843518954,0.043199881753,0.0
0.0,0.0,0.0,-0.0649269748825,0.0442565288095,0.0
0.0,0.0,0.0,-0.066641509855,0.0446087083826,0.0
0.0,0.0,0.0,-0.0656793435286,0.0438885641257,0.0
0.0,0.0,0.0,-0.0672109542779,0.0438560837766,0.0
0.0,0.0,0.0,-0.064000272959,0.0436988214057,0.0
0.0,0.0,0.0,-0.0659822843896,0.0449310832453,0.0
0.0,0.0,0.0,-0.065210821689,0.0446596926138,0.0
0.0,0.0,0.0,-0.0658176327426,0.0456195528557,0.0
0.0,0.0,0.0,-0.0644649667315,0.0448139331684,0.0
0.0,0.0,0.0,-0.0657091223057,0.0450084987709,0.0
0.0,0.0,0.0,-0.0659906860474,0.0448143859131,0.0
0.0,0.0,0.0,-0.0652167839532,0.0445954029283,0.0
0.0,0.0,0.0,-0.0637103589753,0.0454092072301,0.0
0.0,0.0,0.0,-0.0640432858037,0.0466561130746,0.0
0.0,0.0,0.0,-0.0624872536589,0.0461240022466,0.0
0.0,0.0,0.0,-0.0644470973664,0.0482809689074,0.0
0.0,0.0,0.0,-0.062877928659,0.0468790624068,0.0
0.0,0.0,0.0,-0.063830117188,0.0478261636537,0.0
0.0,0.0,0.0,-0.0644522548707,0.0483442465301,0.0
0.0,0.0,0.0,-0.0650453209182,0.0493444217264,0.0
0.0,0.0,0.0,-0.0638075516203,0.0485797946748,0.0
0.0,0.0,0.0,-0.0646298864583,0.0497498812863,0.0
0.0,0.0,0.0,-0.0656753628443,0.0501534074092,0.0
0.0,0.0,0.0,-0.0649068804596,0.0499205978888,0.0
0.0,0.0,0.0,-0.0660989959427,0.0503830634852,0.0
0.0,0.0,0.0,-0.0673246220823,0.0500493640589,0.0
0.0,0.0,0.0,-0.0638651163209,0.0487663938541,0.0
0.0,0.0,0.0,-0.0681349286936,0.051536411873,0.0
0.0,0.0,0.0,-0.0675524674807,0.0509283318202,0.0
0.0,0.0,0.0,-0.0659728543746,0.0501493817965,0.0
0.0,0.0,0.0,-0.0663979421157,0.0498858939932,0.0
0.0,0.0,0.0,-0.0664763174779,0.0497584177395,0.0
0.0,0.0,0.0,-0.0673086594997,0.0502221545416,0.0
0.0,0.0,0.0,-0.0670386237448,0.0506622826369,0.0
0.0,0.0,0.0,-0.0672787981239,0.0502077323192,0.0
0.0,0.0,0.0,-0.0655146005891,0.0493243834684,0.0
0.0,0.0,0.0,-0.0688191213432,0.0524441503768,0.0
0.0,0.0,0.0,-0.0658910109796,0.0498068366798,0.0
0.0,0.0,0.0,-0.0685440308005,0.0507875499215,0.0
0.0,0.0,0.0,-0.0668219447633,0.0498396713925,0.0
0.0,0.0,0.0,-0.0675386045792,0.0516112782987,0.0
0.0,0.0,0.0,-0.0688037497583,0.0500997294233,0.0
0.0,0.0,0.0,-0.0678256411782,0.0485321632058,0.0
0.0,0.0,0.0,-0.0662423808212,0.0496154392719,0.0
0.0,0.0,0.0,-0.0655847375249,0.0502937901623,0.0
0.0,0.0,0.0,-0.0652865498935,0.0501521916978,0.0
0.0,0.0,0.0,-0.0646399928316,0.0484410339071,0.0
0.0,0.0,0.0,-0.0665553725006,0.0492421222658,0.0
0.0,0.0,0.0,-0.0648256583123,0.0474399904661,0.0
0.0,0.0,0.0,-0.0643015118642,0.048680176782,0.0
0.0,0.0,0.0,-0.0653066576568,0.0483671362863,0.0
0.0,0.0,0.0,-0.0640227827931,0.0471770519548,0.0
0.0,0.0,0.0,-0.0650137223968,0.0485852462777,0.0
0.0,0.0,0.0,-0.0641288219148,0.0475044254788,0.0
0.0,0.0,0.0,-0.0629734097236,0.0468783817236,0.0
0.0,0.0,0.0,-0.0643336063145,0.0474525485349,0.0
0.0,0.0,0.0,-0.0644646638624,0.0473896809978,0.0
0.0,0.0,0.0,-0.0622564936929,0.0467300955037,0.0
0.0,0.0,0.0,-0.0654601420369,0.0481485966471,0.0
0.0,0.0,0.0,-0.0633896127543,0.0471975601155,0.0
0.0,0.0,0.0,-0.0644630179462,0.047204368842,0.0
0.0,0.0,0.0,-0.0646847318896,0.0467488202405,0.0
0.0,0.0,0.0,-0.0624935254706,0.0465849931495,0.0
0.0,0.0,0.0,-0.0628426544537,0.048127225177,0.0
0.0,0.0,0.0,-0.0639016269292,0.0474182056169,0.0
0.0,0.0,0.0,-0.0627490593772,0.0475927560244,0.0
0.0,0.0,0.0,-0.0621172297854,0.0480988550704,0.0
0.0,0.0,0.0,-0.0627138145023,0.0479872411121,0.0
0.0,0.0,0.0,-0.0608245218581,0.0475294231644,0.0
0.0,0.0,0.0,-0.0610587745294,0.0474906432676,0.0
0.0,0.0,0.0,-0.0613336698844,0.0478771958109,0.0
0.0,0.0,0.0,-0.0620022525427,0.0483063566466,0.0
0.0,0.0,0.0,-0.0611825284231,0.0474806336829,0.0
0.0,0.0,0.0,-0.0610056588438,0.0475919643644,0.0
0.0,0.0,0.0,-0.0600185996805,0.0474616425295,0.0
0.0,0.0,0.0,-0.0609711955347,0.0486304841258,0.0
0.0,0.0,0.0,-0.0600118671032,0.0469631231563,0.0
0.0,0.0,0.0,-0.0586805260578,0.0464132810616,0.0
0.0,0.0,0.0,-0.0592422574327,0.0478832725009,0.0
0.0,0.0,0.0,-0.0597414362573,0.0485974062983,0.0
0.0,0.0,0.0,-0.0571023912816,0.0456421452595,0.0
0.0,0.0,0.0,-0.0588552299663,0.0478798508414,0.0
0.0,0.0,0.0,-0.0562150225246,0.0458494426222,0.0
0.0,0.0,0.0,-0.0583644806626,0.0471644183573,0.0
0.0,0.0,0.0,-0.0578990518761,0.0479294281676,0.0
0.0,0.0,0.0,-0.0571752356612,0.0457272171495,0.0
0.0,0.0,0.0,-0.0562628582935,0.0470105980288,0.0
0.0,0.0,0.0,-0.0564620164485,0.0459456358047,0.0
0.0,0.0,0.0,-0.0557850636042,0.046727148933,0.0
0.0,0.0,0.0,-0.0547991302255,0.0470368698217,0.0
0.0,0.0,0.0,-0.0548518239818,0.0466302189551,0.0
0.0,0.0,0.0,-0.0549763906307,0.0480426687521,0.0
0.0,0.0,0.0,-0.052574144871,0.0461685395076,0.0
0.0,0.0,0.0,-0.0547252152985,0.0482309824258,0.0
0.0,0.0,0.0,-0.054413271621,0.0487068542564,0.0
0.0,0.0,0.0,-0.0527393033836,0.0471018626318,0.0
0.0,0.0,0.0,-0.0524017537886,0.0475884394567,0.0
0.0,0.0,0.0,-0.0536200739257,0.0490004619522,0.0
0.0,0.0,0.0,-0.052566159336,0.0480452305328,0.0
0.0,0.0,0.0,-0.052428385506,0.0496090822121,0.0
0.0,0.0,0.0,-0.0511751969851,0.0481845952117,0.0
0.0,0.0,0.0,-0.053355605664,0.0497834008852,0.0
0.0,0.0,0.0,-0.0525263113985,0.0494421778084,0.0
0.0,0.0,0.0,-0.0524382652392,0.0498050332205,0.0
0.0,0.0,0.0,-0.0514467758979,0.0478794301828,0.0
0.0,0.0,0.0,-0.0517946600047,0.0487451256289,0.0
0.0,0.0,0.0,-0.0526879381094,0.0504573326877,0.0
0.0,0.0,0.0,-0.0513248920741,0.0494267050818,0.0
0.0,0.0,0.0,-0.0517244036316,0.0494179638529,0.0
0.0,0.0,0.0,-0.0514752436393,0.0483400779735,0.0
0.0,0.0,0.0,-0.051906136887,0.0485168858945,0.0
0.0,0.0,0.0,-0.0526802110565,0.0498720993828,0.0
0.0,0.0,0.0,-0.0521734798762,0.047901384951,0.0
0.0,0.0,0.0,-0.0532461511711,0.0494470812969,0.0
0.0,0.0,0.0,-0.0516475484502,0.0470680622173,0.0
0.0,0.0,0.0,-0.0531794975456,0.0487348805592,0.0
0.0,0.0,0.0,-0.0519441248464,0.0468021754563,0.0
0.0,0.0,0.0,-0.0529112851604,0.0488799027191,0.0
0.0,0.0,0.0,-0.0524533150707,0.0485958592655,0.0
0.0,0.0,0.0,-0.0519496269882,0.0480956936,0.0
0.0,0.0,0.0,-0.0512591686174,0.0479228345575,0.0
0.0,0.0,0.0,-0.0511367460355,0.0465556893289,0.0
0.0,0.0,0.0,-0.0521955450256,0.0472471659917,0.0
0.0,0.0,0.0,-0.0531825423605,0.0482045267474,0.0
0.0,0.0,0.0,-0.0508047101273,0.0459452265589,0.0
0.0,0.0,0.0,-0.0507796623155,0.0464710534013,0.0
0.0,0.0,0.0,-0.0544296982615,0.0480551125812,0.0
0.0,0.0,0.0,-0.0509178956717,0.0472494928458,0.0
0.0,0.0,0.0,-0.0508475671276,0.0465104467747,0.0
0.0,0.0,0.0,-0.0510197455266,0.046338530334,0.0
0.0,0.0,0.0,-0.0515695841611,0.0481440599867,0.0
0.0,0.0,0.0,-0.0502367519657,0.0466212697174,0.0
0.0,0.0,0.0,-0.0482543424003,0.0453045815294,0.0
0.0,0.0,0.0,-0.0522833173538,0.0496802268937,0.0
0.0,0.0,0.0,-0.0497805629994,0.0463322629972,0.0
0.0,0.0,0.0,-0.0489118776196,0.0459311755135,0.0
0.0,0.0,0.0,-0.0516605411826,0.0488958019932,0.0
0.0,0.0,0.0,-0.0491010700969,0.0461690527446,0.0
0.0,0.0,0.0,-0.0496553493681,0.0476755882325,0.0
0.0,0.0,0.0,-0.04958924033,0.0456256391435,0.0
0.0,0.0,0.0,-0.0490643866399,0.0471228821691,0.0
0.0,0.0,0.0,-0.0484160302254,0.0473417471278,0.0
0.0,0.0,0.0,-0.0477033123035,0.045172728091,0.0
0.0,0.0,0.0,-0.0482051933833,0.0468534610094,0.0
0.0,0.0,0.0,-0.0482872471472,0.0464277255098,0.0
0.0,0.0,0.0,-0.0487205309217,0.0456975489943,0.0
0.0,0.0,0.0,-0.0464545602177,0.0457556711614,0.0
0.0,0.0,0.0,-0.0464640495475,0.045599671425,0.0
0.0,0.0,0.0,-0.0473598775227,0.0465442056066,0.0
0.0,0.0,0.0,-0.0480215302566,0.0478747622383,0.0
0.0,0.0,0.0,-0.045698344046,0.0461107344898,0.0
0.0,0.0,0.0,-0.0456439379669,0.0456842069883,0.0
0.0,0.0,0.0,-0.0462184088135,0.0464245696958,0.0
0.0,0.0,0.0,-0.0452642797744,0.0463823088945,0.0
0.0,0.0,0.0,-0.0475528097313,0.0483764536333,0.0
0.0,0.0,0.0,-0.0463660164437,0.0468532846559,0.0
0.0,0.0,0.0,-0.0461702189292,0.0473114317952,0.0
0.0,0.0,0.0,-0.0457485529454,0.0473168267079,0.0
0.0,0.0,0.0,-0.0465125027776,0.045250090998,0.0
0.0,0.0,0.0,-0.0473305577896,0.0456667699294,0.0
0.0,0.0,0.0,-0.0466105462172,0.0453944851254,0.0
0.0,0.0,0.0,-0.0464785256078,0.0446679082296,0.0
0.0,0.0,0.0,-0.0482698059831,0.0461643526027,0.0
0.0,0.0,0.0,-0.0480980570901,0.0447384256006,0.0
0.0,0.0,0.0,-0.0471303240017,0.0428472661245,0.0
0.0,0.0,0.0,-0.0474197878275,0.0430493483381,0.0
0.0,0.0,0.0,-0.0482805657813,0.0445493152767,0.0
0.0,0.0,0.0,-0.0485052571722,0.0435754632415,0.0
0.0,0.0,0.0,0.0,0.0,-200.0
0.0,0.0,0.0,0.0,0.0,-200.0
0.0,0.0,0.0,0.0,0.0,-200.0
0.0,0.0,0.0,0.0,0.0,-200.0
