TimeSignal_Sec,Trust_Human,Alarm_M2H,Mode_H2M,ManualBrake_H2M,ManualGear_H2M,ManualThrottle_H2M,ManualWheel_H2M,CurrentGear_Machine,CurrentBrake_Machine,CurrentWheel_Machine,CurrentThrottle_Machine,AutoBrake_Machine,AutoThrottle_Machine,AutoWheel_Machine,AutoGear_Machine,Speed_Machine,PupilLeft_Human,PupilRight_Human,GSR_Human,EventN_Machine,RangeN_Machine,EventW_Machine,RangeW_Machine,PupilChange_Human,Reliability_Machine,AverageTrust_Human,TrustChange_Human
0.0,3.0, ,autonomous,49.99923704890517,1.0,49.99923704890517,0.0,1.0,0.0,0.0,20.0,0.0,20.0,0.0,1.0,0.0,5.0,5.0,152.008026023774, ,0.0, ,0.0,0.0,1,2.8833333333333333,0.0
1.0,3.0, ,autonomous,0.0,1.0,0.0,-2.8413824673838377,1.0,0.0,-4.2876173693515005,20.0,0.0,20.0,-4.2876173693515005,1.0,1.0044714862078867,5.0,5.0,152.008026023774, ,0.0, ,0.0,0.0,1,2.8833333333333333,0.0
2.0,3.0, ,autonomous,0.0,1.0,0.0,-2.8413824673838377,1.0,0.0,-2.6412022993457693,20.0,0.0,20.0,-2.6412022993457693,1.0,3.0641576338738323,5.0,5.0,153.01282247452298, ,0.0, ,0.0,0.0,1,2.8833333333333333,0.0
3.0,3.0, ,autonomous,0.0,1.0,0.0,-2.8413824673838377,1.0,0.0,-1.7299492502762934,20.0,0.0,20.0,-1.7299492502762934,1.0,4.272617200371744,5.0,5.0,154.159215637911, ,0.0, ,0.0,0.0,1,2.8833333333333333,0.0
4.0,3.0, ,autonomous,0.0,1.0,0.0,-2.8413824673838377,1.0,0.0,-1.3694132434263295,20.0,0.0,20.0,-1.3694132434263295,1.0,4.922054457005326,5.0,5.0,155.192749394748, ,0.0, ,0.0,0.0,1,2.8833333333333333,0.0
5.0,3.0, ,autonomous,0.0,1.0,0.0,-2.8413824673838377,1.0,0.0,-1.0860293706322048,20.0,0.0,20.0,-1.0860293706322048,1.0,5.5678538754720535,5.0,5.0,156.372165754496, ,0.0, ,0.0,0.0,1,2.8833333333333333,0.0
6.0,3.0, ,autonomous,0.0,1.0,0.0,-2.8413824673838377,1.0,0.0,-0.8330236203858652,20.0,0.0,20.0,-0.8330236203858652,1.0,6.404063371134588,5.0,5.0,156.240234985313, ,0.0, ,0.0,0.0,1,2.8833333333333333,0.0
7.0,3.0, ,autonomous,0.0,1.0,0.0,-2.8413824673838377,1.0,0.0,-0.6187611406259927,20.0,0.0,20.0,-0.6187611406259927,1.0,7.005886625250037,5.0,5.0,157.301956836343, ,0.0, ,0.0,0.0,1,2.8833333333333333,0.0
8.0,3.0, ,autonomous,0.0,1.0,0.0,-2.8413824673838377,1.0,0.0,-0.43759172172198335,20.0,0.0,20.0,-0.43759172172198335,1.0,7.4926851532921335,5.0,5.0,159.058374423413, ,0.0, ,0.0,0.0,1,2.8833333333333333,0.0
9.0,3.0, ,autonomous,0.0,1.0,0.0,-2.8413824673838377,1.0,0.0,-0.3040025952206875,20.0,0.0,20.0,-0.3040025952206875,1.0,7.894652575246894,5.0,5.0,159.606729019695, ,0.0, ,0.0,0.0,1,2.8833333333333333,0.0
10.0,3.0, ,autonomous,0.0,1.0,0.0,-2.8413824673838377,1.0,0.0,-0.21555128260865145,20.0,0.0,20.0,-0.21555128260865145,1.0,8.215622565129541,5.0,5.0,162.406210413486, ,0.0, ,0.0,0.0,1,2.8833333333333333,0.0
11.0,3.0, ,autonomous,0.0,1.0,0.0,-2.8413824673838377,1.0,0.0,-0.14355498879758288,20.0,0.0,20.0,-0.14355498879758288,1.0,8.54925537827244,5.0,5.0,164.717509471257, ,0.0, ,0.0,0.0,1,2.8833333333333333,0.0
12.0,3.0, ,autonomous,0.0,1.0,0.0,-2.8413824673838377,1.0,0.0,-0.08998561169430364,20.0,0.0,20.0,-0.08998561169430364,1.0,8.8657202164756,5.0,5.0,163.265306122449, ,0.0, ,0.0,0.0,1,2.8833333333333333,0.0
13.0,3.0, ,autonomous,0.0,1.0,0.0,-2.8413824673838377,1.0,0.0,-0.061009335789429735,20.0,0.0,20.0,-0.061009335789429735,1.0,9.181364879464674,5.0,5.0,161.98004405857202, ,0.0, ,0.0,0.0,1,2.8833333333333333,0.0
14.0,3.0, ,autonomous,0.0,1.0,0.0,-2.8413824673838377,1.0,0.0,-0.03547133649675732,20.0,0.0,20.0,-0.03547133649675732,1.0,9.690615837754981,5.0,5.0,162.12185078304898, ,0.0, ,0.0,0.0,1,2.8833333333333333,0.0
15.0,3.0, ,autonomous,0.0,1.0,0.0,-2.8413824673838377,1.0,0.0,-0.023543169741176484,20.0,0.0,20.0,-0.023543169741176484,1.0,10.018255042757763,5.0,5.0,168.463611859838, ,0.0, ,0.0,0.0,1,2.8833333333333333,0.0
16.0,3.0, ,autonomous,0.0,1.0,0.0,-2.8413824673838377,1.0,0.0,-0.014401939798272312,20.0,0.0,20.0,-0.014401939798272312,1.0,10.310866815683141,5.0,5.0,190.861549032332, ,0.0, ,0.0,0.0,1,2.8833333333333333,0.0
17.0,3.0, ,autonomous,0.0,1.0,0.0,-2.8413824673838377,1.0,0.0,-0.006951524466061246,20.0,0.0,20.0,-0.006951524466061246,1.0,10.573909160886137,5.0,5.0,165.15822157627, ,0.0, ,0.0,0.0,1,2.8833333333333333,0.0
18.0,3.0, ,autonomous,0.0,1.0,0.0,-2.8413824673838377,1.0,0.0,-0.005847227804041053,20.0,0.0,20.0,-0.005847227804041053,1.0,10.809721941862783,5.0,5.0,178.36121713694598, ,0.0, ,0.0,0.0,1,2.8833333333333333,0.0
19.0,3.0, ,autonomous,0.0,1.0,0.0,-2.8413824673838377,1.0,0.0,-0.004948925717245658,20.0,0.0,20.0,-0.004948925717245658,1.0,11.023914080226962,5.0,5.0,162.977932787901, ,0.0, ,0.0,0.0,1,2.8833333333333333,0.0
20.0,3.0, ,autonomous,0.0,1.0,0.0,-2.8413824673838377,1.0,0.0,0.00017315910106563238,20.0,0.0,20.0,0.00017315910106563238,1.0,11.231655768643662,5.0,5.0,163.69827134625498, ,0.0, ,0.0,0.0,1,2.8833333333333333,0.0
21.0,3.0, ,autonomous,0.0,1.0,0.0,-2.8413824673838377,1.0,0.0,0.0003699338315718125,20.0,0.0,20.0,0.0003699338315718125,1.0,11.437475658709696,5.0,5.0,164.717509471257, ,0.0, ,0.0,0.0,1,2.8833333333333333,0.0
22.0,3.0, ,autonomous,0.0,1.0,0.0,-2.8413824673838377,1.0,0.0,0.0006648767171748233,20.0,0.0,20.0,0.0006648767171748233,1.0,11.641611712691514,5.0,5.0,166.49462222370198, ,0.0, ,0.0,0.0,1,2.8833333333333333,0.0
23.0,3.0, ,autonomous,0.0,1.0,0.0,-2.8413824673838377,1.0,0.0,-0.00641150792641965,20.0,0.0,20.0,-0.00641150792641965,1.0,11.844684209272046,5.0,5.0,167.70082173402702, ,0.0, ,0.0,0.0,1,2.8833333333333333,0.0
24.0,3.0, ,autonomous,0.0,1.0,0.0,-2.8413824673838377,1.0,0.0,-0.0017405985581664188,20.0,0.0,20.0,-0.0017405985581664188,1.0,12.046686368537529,5.0,5.0,168.617003338617, ,0.0, ,0.0,0.0,1,2.8833333333333333,0.0
25.0,3.0, ,autonomous,0.0,1.0,0.0,-2.8413824673838377,1.0,0.0,0.003107251198238658,20.0,0.0,20.0,0.003107251198238658,1.0,12.237582690705073,5.0,5.0,170.32293227960199, ,0.0, ,0.0,0.0,1,2.8833333333333333,0.0
26.0,3.0, ,autonomous,0.0,1.0,0.0,-2.8413824673838377,1.0,0.0,-0.002630413357942262,20.0,0.0,20.0,-0.002630413357942262,1.0,12.447417133900943,5.0,5.0,172.866823399253, ,0.0, ,0.0,0.0,1,2.8833333333333333,0.0
27.0,3.0, ,autonomous,0.0,1.0,0.0,-2.8413824673838377,1.0,0.0,-0.0002724793227437683,20.0,0.0,20.0,-0.0002724793227437683,1.0,12.646115469093425,5.0,5.0,174.82517482517503, ,0.0, ,0.0,0.0,1,2.8833333333333333,0.0
28.0,3.0,pedestrian alarm,autonomous,0.0,1.0,0.0,-2.8413824673838377,1.0,0.0,-0.001266357606857758,0.0,0.0,0.0,-0.001266357606857758,1.0,12.873470254337716,5.0,5.0,170.794192997438, ,0.0,pedestrian detected,38.189544677734375,0.0,1,2.8833333333333333,0.0
29.0,3.0,pedestrian alarm,autonomous,0.0,1.0,0.0,-2.8413824673838377,1.0,33.493547439575195,-0.00503951011325669,0.0,33.493547439575195,0.0,-0.00503951011325669,1.0,12.483299317878116,5.0,5.0,166.79454248257,pedestrian detected,27.74167060852051,pedestrian detected,25.30129051208496,0.0,1,2.8833333333333333,0.0
30.0,3.0,pedestrian alarm,autonomous,0.0,1.0,0.0,-2.8413824673838377,1.0,87.58601665496826,0.003082321404161155,0.0,87.58601665496826,0.0,0.003082321404161155,1.0,8.552913583510557,5.0,5.0,166.195778627223, ,0.0,pedestrian detected,14.482796669006348,0.0,1,2.8833333333333333,0.0
31.0,3.0,pedestrian alarm,autonomous,0.0,1.0,0.0,-2.8413824673838377,1.0,100.0,0.002967796318277165,0.0,100.0,0.0,0.002967796318277165,1.0,2.107765376483475,5.0,5.0,181.507968199804, ,0.0,pedestrian detected,9.244269371032717,0.0,1,2.8833333333333333,0.0
32.0,2.0,pedestrian alarm,autonomous,0.0,1.0,0.0,-0.0,1.0,100.0,0.00013172956217407912,0.0,100.0,0.0,0.00013172956217407912,1.0,0.00782546232140098,5.0,5.0,150.770436932726, ,0.0,pedestrian detected,8.933730125427246,0.0,1,2.8833333333333333,-1.0
33.0,2.0,pedestrian alarm,autonomous,0.0,1.0,0.0,-0.0,1.0,100.0,0.0016171185713037722,0.0,100.0,0.0,0.0016171185713037722,1.0,0.002390793423461129,5.0,5.0,139.000861805343, ,0.0,pedestrian detected,9.114934921264648,0.0,1,2.8833333333333333,0.0
34.0,2.0,pedestrian alarm,autonomous,0.0,1.0,0.0,-0.0,1.0,100.0,-0.007197508681250586,0.0,100.0,0.0,-0.007197508681250586,1.0,0.0002981925644072747,5.0,5.0,137.351317199132, ,0.0,pedestrian detected,9.223125457763672,0.0,1,2.8833333333333333,0.0
35.0,2.0,pedestrian alarm,autonomous,0.0,1.0,0.0,-0.0,1.0,100.0,-0.0069378326928672745,0.0,100.0,0.0,-0.0069378326928672745,1.0,2.2975977184066475e-05,5.0,5.0,136.94503026485202, ,0.0,pedestrian detected,9.441582679748537,0.0,1,2.8833333333333333,0.0
36.0,2.0,pedestrian alarm,autonomous,0.0,1.0,0.0,-0.0,1.0,100.0,-0.0069378326928672745,0.0,100.0,0.0,-0.0069378326928672745,1.0,1.1977049824768373e-06,5.0,5.0,155.453301828131, ,0.0,pedestrian detected,9.63111400604248,0.0,1,2.8833333333333333,0.0
37.0,2.0,pedestrian alarm,autonomous,0.0,1.0,0.0,-0.0,1.0,100.0,-0.0069378326928672745,0.0,100.0,0.0,-0.0069378326928672745,1.0,2.7487711289153905e-08,5.0,5.0,135.740464232388, ,0.0,pedestrian detected,10.012628555297852,0.0,1,2.8833333333333333,0.0
38.0,2.0, ,autonomous,0.0,1.0,0.0,-0.0,1.0,0.0,0.006456735788455603,20.0,0.0,20.0,0.006456735788455603,1.0,0.03996851586429988,5.0,5.0,147.527440103859, ,0.0, ,0.0,0.0,1,2.8833333333333333,0.0
39.0,2.0, ,autonomous,0.0,1.0,0.0,-2.8413824673838377,1.0,0.0,0.002059694292043137,20.0,0.0,20.0,0.002059694292043137,1.0,1.5323418178967612,5.0,5.0,146.361454247409, ,0.0, ,0.0,0.0,1,2.8833333333333333,0.0
40.0,2.0, ,autonomous,0.0,1.0,0.0,-2.8413824673838377,1.0,0.0,0.0026131936993975266,20.0,0.0,20.0,0.0026131936993975266,1.0,3.37862201395872,5.0,5.0,146.942134187557, ,0.0, ,0.0,0.0,1,2.8833333333333333,0.0
41.0,2.0, ,autonomous,0.0,1.0,0.0,-2.8413824673838377,1.0,0.0,0.0009320988264958972,20.0,0.0,20.0,0.0009320988264958972,1.0,4.441508130619664,5.0,5.0,151.510560286052, ,0.0, ,0.0,0.0,1,2.8833333333333333,0.0
42.0,2.0, ,autonomous,0.0,1.0,0.0,-2.8413824673838377,1.0,0.0,53.53056243629271,20.0,0.0,20.0,53.53056243629271,1.0,5.02375877715793,5.0,5.0,153.902979561684, ,0.0, ,0.0,0.0,1,2.8833333333333333,0.0
43.0,3.0, ,autonomous,0.0,1.0,0.0,-2.8413824673838377,1.0,0.0,81.02165425009672,20.0,0.0,20.0,81.02165425009672,1.0,5.788209274489247,5.0,5.0,155.322916343077, ,0.0, ,0.0,0.0,1,2.8833333333333333,1.0
44.0,3.0, ,autonomous,0.0,1.0,0.0,-2.8413824673838377,1.0,0.0,54.029367498071544,20.0,0.0,20.0,54.029367498071544,1.0,6.540622750543213,5.0,5.0,154.416306361952, ,0.0, ,0.0,0.0,1,2.8833333333333333,0.0
45.0,3.0, ,autonomous,0.0,1.0,0.0,-2.8413824673838377,1.0,0.0,43.9731125193499,20.0,0.0,20.0,43.9731125193499,1.0,7.114437432869138,5.0,5.0,131.406044678055, ,0.0, ,0.0,0.0,1,2.8833333333333333,0.0
46.0,3.0, ,autonomous,0.0,1.0,0.0,-2.8413824673838377,1.0,0.0,30.862181577821183,20.0,0.0,20.0,30.862181577821183,1.0,7.582319476597455,5.0,5.0,122.537006175865, ,0.0, ,0.0,0.0,1,2.8833333333333333,0.0
47.0,3.0, ,autonomous,0.0,1.0,0.0,-2.8413824673838377,1.0,0.0,22.957713986585322,20.0,0.0,20.0,22.957713986585322,1.0,7.968128142526583,5.0,5.0,126.990577299164, ,0.0, ,0.0,0.0,1,2.8833333333333333,0.0
48.0,3.0, ,autonomous,0.0,1.0,0.0,-2.8413824673838377,1.0,0.0,0.7788709324024286,20.0,0.0,20.0,0.7788709324024286,1.0,8.297110438908813,5.0,5.0,128.935764202274, ,0.0, ,0.0,0.0,1,2.8833333333333333,0.0
49.0,3.0, ,autonomous,0.0,1.0,0.0,-2.8413824673838377,1.0,0.0,-2.7845087139729694,20.0,0.0,20.0,-2.7845087139729694,1.0,8.614304173716048,5.0,5.0,131.12690461828998, ,0.0, ,0.0,0.0,1,2.8833333333333333,0.0
50.0,3.0, ,autonomous,0.0,1.0,0.0,-2.8413824673838377,1.0,0.0,4.27429086857938,20.0,0.0,20.0,4.27429086857938,1.0,8.93050356756065,5.0,5.0,134.752728742757, ,0.0, ,0.0,0.0,1,2.8833333333333333,0.0
51.0,3.0, ,autonomous,0.0,1.0,0.0,-2.8413824673838377,1.0,0.0,14.216159946398225,20.0,0.0,20.0,14.216159946398225,1.0,9.28342103960988,5.0,5.0,136.843833816848, ,0.0, ,0.0,0.0,1,2.8833333333333333,0.0
52.0,3.0, ,autonomous,0.0,1.0,0.0,-2.8413824673838377,1.0,0.0,12.598780187987275,20.0,0.0,20.0,12.598780187987275,1.0,9.763102475768116,5.0,5.0,139.209844920233, ,0.0, ,0.0,0.0,1,2.8833333333333333,0.0
53.0,3.0, ,autonomous,0.0,1.0,0.0,-2.8413824673838377,1.0,0.0,11.072254356628273,20.0,0.0,20.0,11.072254356628273,1.0,10.080591329434762,5.0,5.0,140.15809833492202, ,0.0, ,0.0,0.0,1,2.8833333333333333,0.0
54.0,3.0, ,autonomous,0.0,1.0,0.0,-2.8413824673838377,1.0,0.0,10.218502978307956,20.0,0.0,20.0,10.218502978307956,1.0,10.367150734137388,5.0,5.0,135.04753673293, ,0.0, ,0.0,0.0,1,2.8833333333333333,0.0
55.0,3.0, ,autonomous,0.0,1.0,0.0,-2.8413824673838377,1.0,0.0,16.54981568666756,20.0,0.0,20.0,16.54981568666756,1.0,10.624313365818416,5.0,5.0,136.843833816848, ,0.0, ,0.0,0.0,1,2.8833333333333333,0.0
56.0,3.0, ,autonomous,0.0,1.0,0.0,-2.8413824673838377,1.0,0.0,-101.21903244351937,20.0,0.0,20.0,-101.21903244351937,1.0,10.85605131115886,5.0,5.0,140.15809833492202, ,0.0, ,0.0,0.0,1,2.8833333333333333,0.0
57.0,3.0, ,autonomous,0.0,1.0,0.0,-2.8413824673838377,1.0,0.0,-56.269939376859185,20.0,0.0,20.0,-56.269939376859185,1.0,11.067104347935002,5.0,5.0,142.203009015671, ,0.0, ,0.0,0.0,1,2.8833333333333333,0.0
58.0,3.0, ,autonomous,0.0,1.0,0.0,-2.8413824673838377,1.0,0.0,-46.42621110801724,20.0,0.0,20.0,-46.42621110801724,1.0,11.274468715481484,5.0,5.0,143.748382830693, ,0.0, ,0.0,0.0,1,2.8833333333333333,0.0
59.0,3.0, ,autonomous,0.0,1.0,0.0,-2.8413824673838377,1.0,0.0,-39.483434081130255,20.0,0.0,20.0,-39.483434081130255,1.0,11.479678020925975,5.0,5.0,145.099973882005, ,0.0, ,0.0,0.0,1,2.8833333333333333,0.0
60.0,3.0, ,autonomous,0.0,1.0,0.0,-2.8413824673838377,1.0,0.0,-31.540980181867546,20.0,0.0,20.0,-31.540980181867546,1.0,11.683609871098971,5.0,5.0,146.24586855421302, ,0.0, ,0.0,0.0,1,2.8833333333333333,0.0
61.0,3.0, ,autonomous,0.0,1.0,0.0,-2.8413824673838377,1.0,0.0,-32.40368424080596,20.0,0.0,20.0,-32.40368424080596,1.0,11.886335213921273,5.0,5.0,147.527440103859, ,0.0, ,0.0,0.0,1,2.8833333333333333,0.0
62.0,3.0, ,autonomous,0.0,1.0,0.0,-2.8413824673838377,1.0,0.0,-28.134623548611003,20.0,0.0,20.0,-28.134623548611003,1.0,12.088003675250926,5.0,5.0,148.47369046205, ,0.0, ,0.0,0.0,1,2.8833333333333333,0.0
63.0,3.0, ,autonomous,0.0,1.0,0.0,-2.8413824673838377,1.0,0.0,-24.239510031563444,20.0,0.0,20.0,-24.239510031563444,1.0,12.288642881634194,5.0,5.0,149.191382705735, ,0.0, ,0.0,0.0,1,2.8833333333333333,0.0
64.0,3.0, ,autonomous,0.0,1.0,0.0,-2.8413824673838377,1.0,0.0,-17.717952547770754,20.0,0.0,20.0,-17.717952547770754,1.0,12.488204039917774,5.0,5.0,148.235991698784, ,0.0, ,0.0,0.0,1,2.8833333333333333,0.0
65.0,3.0, ,autonomous,0.0,1.0,0.0,-2.8413824673838377,1.0,0.0,-12.605245262872078,20.0,0.0,20.0,-12.605245262872078,1.0,12.686659698371553,5.0,5.0,146.130465279401, ,0.0, ,0.0,0.0,1,2.8833333333333333,0.0
66.0,3.0, ,autonomous,0.0,1.0,0.0,-2.8413824673838377,1.0,0.0,-9.02579115552176,20.0,0.0,20.0,-9.02579115552176,1.0,12.969759877669905,5.0,5.0,147.41000619122, ,0.0, ,0.0,0.0,1,2.8833333333333333,0.0
67.0,3.0, ,autonomous,0.0,1.0,0.0,-2.8413824673838377,1.0,0.0,-7.009351570729232,20.0,0.0,20.0,-7.009351570729232,1.0,13.25714161119355,5.0,5.0,148.592825938364, ,0.0, ,0.0,0.0,1,2.8833333333333333,0.0
68.0,3.0, ,autonomous,0.0,1.0,0.0,-2.8413824673838377,1.0,0.0,-5.658647502838871,20.0,0.0,20.0,-5.658647502838871,1.0,13.476283838631295,5.0,5.0,149.432157800359, ,0.0, ,0.0,0.0,1,2.8833333333333333,0.0
69.0,3.0, ,autonomous,0.0,1.0,0.0,-2.8413824673838377,1.0,0.0,-4.658708559974054,20.0,0.0,20.0,-4.658708559974054,1.0,13.681037782244225,5.0,5.0,150.403080255084, ,0.0, ,0.0,0.0,1,2.8833333333333333,0.0
70.0,3.0, ,autonomous,0.0,1.0,0.0,-2.8413824673838377,1.0,0.0,-3.3930999082208753,20.0,0.0,20.0,-3.3930999082208753,1.0,13.864466786617696,5.0,5.0,150.403080255084, ,0.0, ,0.0,0.0,1,2.8833333333333333,0.0
71.0,3.0, ,autonomous,0.0,1.0,0.0,-2.8413824673838377,1.0,0.0,-2.252909293791631,20.0,0.0,20.0,-2.252909293791631,1.0,14.056256057027895,5.0,5.0,152.132903304327, ,0.0, ,0.0,0.0,1,2.8833333333333333,0.0
72.0,3.0, ,autonomous,0.0,1.0,0.0,-2.8413824673838377,1.0,0.0,0.4324021128955117,20.0,0.0,20.0,0.4324021128955117,1.0,14.219955305693095,5.0,5.0,153.393054362498, ,0.0, ,0.0,0.0,1,2.8833333333333333,0.0
73.0,3.0, ,autonomous,0.0,1.0,0.0,-2.8413824673838377,1.0,0.0,5.189373560436098,20.0,0.0,20.0,5.189373560436098,1.0,14.39086083551107,5.0,5.0,157.16845314808398, ,0.0, ,0.0,0.0,1,2.8833333333333333,0.0
74.0,3.0, ,autonomous,0.0,1.0,0.0,-2.8413824673838377,1.0,0.0,13.370760147556155,20.0,0.0,20.0,13.370760147556155,1.0,14.544359672300331,5.0,5.0,157.301956836343, ,0.0, ,0.0,0.0,1,2.8833333333333333,0.0
75.0,3.0, ,autonomous,0.0,1.0,0.0,-2.8413824673838377,1.0,0.0,36.63971271067271,20.0,0.0,20.0,36.63971271067271,1.0,14.683016550595065,5.0,5.0,157.16845314808398, ,0.0, ,0.0,0.0,1,2.8833333333333333,0.0
76.0,3.0, ,autonomous,0.0,1.0,0.0,-2.8413824673838377,1.0,0.0,9.65450934310811,20.0,0.0,20.0,9.65450934310811,1.0,14.829863916242518,5.0,5.0,157.301956836343, ,0.0, ,0.0,0.0,1,2.8833333333333333,0.0
77.0,3.0, ,autonomous,0.0,1.0,0.0,-2.8413824673838377,1.0,0.0,18.50458482493168,20.0,0.0,20.0,18.50458482493168,1.0,14.963528107184887,5.0,5.0,158.242871158654, ,0.0, ,0.0,0.0,1,2.8833333333333333,0.0
78.0,3.0, ,autonomous,0.0,1.0,0.0,-2.8413824673838377,1.0,0.0,13.580144881052467,20.0,0.0,20.0,13.580144881052467,1.0,15.090884258922124,5.0,5.0,159.33207992097098, ,0.0, ,0.0,0.0,1,2.8833333333333333,0.0
79.0,3.0, ,autonomous,0.0,1.0,0.0,-2.8413824673838377,1.0,0.0,10.508571824548099,20.0,0.0,20.0,10.508571824548099,1.0,15.212059638365945,5.0,5.0,159.469286215475, ,0.0, ,0.0,0.0,1,2.8833333333333333,0.0
80.0,3.0, ,autonomous,0.0,1.0,0.0,-2.8413824673838377,1.0,0.0,6.7882703097412405,20.0,0.0,20.0,6.7882703097412405,1.0,15.326894188043314,5.0,5.0,157.83824736410102, ,0.0, ,0.0,0.0,1,2.8833333333333333,0.0
81.0,3.0, ,autonomous,0.0,1.0,0.0,-2.8413824673838377,1.0,0.0,15.661995520094633,20.0,0.0,20.0,15.661995520094633,1.0,15.435819452104953,5.0,5.0,157.83824736410102, ,0.0, ,0.0,0.0,1,2.8833333333333333,0.0
82.0,3.0, ,autonomous,0.0,1.0,0.0,-2.8413824673838377,1.0,0.0,15.176354160098159,20.0,0.0,20.0,15.176354160098159,1.0,15.538706064374773,5.0,5.0,157.301956836343, ,0.0, ,0.0,0.0,1,2.8833333333333333,0.0
83.0,3.0, ,autonomous,0.0,1.0,0.0,-2.8413824673838377,1.0,0.0,5.908883569453231,20.0,0.0,20.0,5.908883569453231,1.0,15.63598921036997,5.0,5.0,157.703832203123, ,0.0, ,0.0,0.0,1,2.8833333333333333,0.0
84.0,3.0, ,autonomous,0.0,1.0,0.0,-2.8413824673838377,1.0,0.0,18.333086579391534,15.0,0.0,15.0,18.333086579391534,1.0,15.67423217265549,5.0,5.0,156.504319519219, ,0.0, ,0.0,0.0,1,2.8833333333333333,0.0
85.0,3.0, ,autonomous,0.0,1.0,0.0,-2.8413824673838377,1.0,0.0,20.12966300228248,20.0,0.0,20.0,20.12966300228248,1.0,15.636380918094368,5.0,5.0,155.845775021039, ,0.0, ,0.0,0.0,1,2.8833333333333333,0.0
86.0,3.0, ,autonomous,0.0,1.0,0.0,-2.8413824673838377,1.0,0.0,30.03907382511969,15.0,0.0,15.0,30.03907382511969,1.0,15.668055588584414,5.0,5.0,156.504319519219, ,0.0, ,0.0,0.0,1,2.8833333333333333,0.0
87.0,3.0, ,autonomous,0.0,1.0,0.0,-2.8413824673838377,1.0,0.0,37.092075596183726,20.0,0.0,20.0,37.092075596183726,1.0,15.641089627115159,5.0,5.0,157.435687521647, ,0.0, ,0.0,0.0,1,2.8833333333333333,0.0
88.0,3.0, ,autonomous,0.0,1.0,0.0,-2.8413824673838377,1.0,0.0,48.62185112319303,15.0,0.0,15.0,48.62185112319303,1.0,15.664517851339335,5.0,5.0,154.416306361952, ,0.0, ,0.0,0.0,1,2.8833333333333333,0.0
89.0,3.0, ,autonomous,0.0,1.0,0.0,-2.8413824673838377,1.0,0.0,53.89590973262904,15.0,0.0,15.0,53.89590973262904,1.0,15.64752109377209,5.0,5.0,150.89328826653798, ,0.0, ,0.0,0.0,1,2.8833333333333333,0.0
90.0,3.0,truck alarm,autonomous,0.0,1.0,0.0,-2.8413824673838377,1.0,0.0,12.341415997691467,15.0,0.0,15.0,12.341415997691467,1.0,15.660360437126055,5.0,5.0,149.673711309346, ,0.0,truck detected,34.927234649658196,0.0,1,2.8833333333333333,0.0
91.0,3.0,truck alarm,autonomous,0.0,1.0,0.0,-2.8413824673838377,1.0,0.0,-1.0309096496657637,15.0,0.0,15.0,-1.0309096496657637,1.0,15.655045699077224,5.0,5.0,144.533734173556, ,0.0,truck detected,11.955949783325195,0.0,1,2.8833333333333333,0.0
92.0,3.0, ,autonomous,0.0,1.0,0.0,-2.8413824673838377,1.0,0.0,-5.818614636757783,15.0,0.0,15.0,-5.818614636757783,1.0,15.655781077615664,5.0,5.0,146.015243991473, ,0.0, ,0.0,0.0,1,2.8833333333333333,0.0
93.0,3.0, ,autonomous,0.0,1.0,0.0,-2.8413824673838377,1.0,0.0,-8.20500482148879,15.0,0.0,15.0,-8.20500482148879,1.0,15.662695676962668,5.0,5.0,148.592825938364, ,0.0, ,0.0,0.0,1,2.8833333333333333,0.0
94.0,3.0, ,autonomous,0.0,1.0,0.0,-2.8413824673838377,1.0,0.0,-9.788363617432124,15.0,0.0,15.0,-9.788363617432124,1.0,15.650982847851406,5.0,5.0,150.28102551771798, ,0.0, ,0.0,0.0,1,2.8833333333333333,0.0
95.0,3.0, ,autonomous,0.0,1.0,0.0,-2.8413824673838377,1.0,0.0,-10.244286559187838,15.0,0.0,15.0,-10.244286559187838,1.0,15.668875307867255,5.0,5.0,151.38670219207899, ,0.0, ,0.0,0.0,1,2.8833333333333333,0.0
96.0,3.0, ,autonomous,0.0,1.0,0.0,-2.8413824673838377,1.0,0.0,-14.882113365729436,20.0,0.0,20.0,-14.882113365729436,1.0,15.64603204849576,5.0,5.0,151.016339967984, ,0.0, ,0.0,0.0,1,2.8833333333333333,0.0
97.0,3.0, ,autonomous,0.0,1.0,0.0,-2.8413824673838377,1.0,0.0,-13.299868997770705,15.0,0.0,15.0,-13.299868997770705,1.0,15.671191775664775,5.0,5.0,151.510560286052, ,0.0, ,0.0,0.0,1,2.8833333333333333,0.0
98.0,3.0, ,autonomous,0.0,1.0,0.0,-2.8413824673838377,1.0,0.0,-13.200967460410778,20.0,0.0,20.0,-13.200967460410778,1.0,15.641023037718696,5.0,5.0,147.76287014598998, ,0.0, ,0.0,0.0,1,2.8833333333333333,0.0
99.0,3.0, ,autonomous,0.0,1.0,0.0,-2.8413824673838377,1.0,0.0,-13.527295791085155,15.0,0.0,15.0,-13.527295791085155,1.0,15.674403601266803,5.0,5.0,141.22698000226, ,0.0, ,0.0,0.0,1,2.8833333333333333,0.0
100.0,3.0, ,autonomous,0.0,1.0,0.0,-2.8413824673838377,1.0,0.0,-12.198081525611341,20.0,0.0,20.0,-12.198081525611341,1.0,15.637123580162134,5.0,5.0,134.94912418018401, ,0.0, ,0.0,0.0,1,2.8833333333333333,0.0
101.0,3.0, ,autonomous,0.0,1.0,0.0,-2.8413824673838377,1.0,0.0,-9.312736575945546,15.0,0.0,15.0,-9.312736575945546,1.0,15.674311560142508,5.0,5.0,133.875977294634, ,0.0, ,0.0,0.0,1,2.8833333333333333,0.0
102.0,3.0, ,autonomous,0.0,1.0,0.0,-2.8413824673838377,1.0,0.0,-10.800213499178508,20.0,0.0,20.0,-10.800213499178508,1.0,15.636088744787473,5.0,5.0,135.939751502134, ,0.0, ,0.0,0.0,1,2.8833333333333333,0.0
103.0,3.0, ,autonomous,0.0,1.0,0.0,-2.8413824673838377,1.0,0.0,-14.973486911592893,15.0,0.0,15.0,-14.973486911592893,1.0,15.672645115418286,5.0,5.0,140.264257861812, ,0.0, ,0.0,0.0,1,2.8833333333333333,0.0
104.0,3.0, ,autonomous,0.0,1.0,0.0,-2.8413824673838377,1.0,0.0,-19.77852851643872,20.0,0.0,20.0,-19.77852851643872,1.0,15.63422389097532,5.0,5.0,142.861224606417, ,0.0, ,0.0,0.0,1,2.8833333333333333,0.0
105.0,3.0, ,autonomous,0.0,1.0,0.0,-2.8413824673838377,1.0,0.0,-21.868579235880095,15.0,0.0,15.0,-21.868579235880095,1.0,15.674790069111367,5.0,5.0,144.98637128110002, ,0.0, ,0.0,0.0,1,2.8833333333333333,0.0
106.0,3.0, ,autonomous,0.0,1.0,0.0,-2.8413824673838377,1.0,0.0,-19.129725682639762,20.0,0.0,20.0,-19.129725682639762,1.0,15.636236073365614,5.0,5.0,146.942134187557, ,0.0, ,0.0,0.0,1,2.8833333333333333,0.0
107.0,3.0, ,autonomous,0.0,1.0,0.0,-2.8413824673838377,1.0,0.0,53.01528510176797,15.0,0.0,15.0,53.01528510176797,1.0,15.670851245666814,5.0,5.0,149.071285888912, ,0.0, ,0.0,0.0,1,2.8833333333333333,0.0
108.0,3.0, ,autonomous,0.0,1.0,0.0,-2.8413824673838377,1.0,0.0,43.56504570889735,20.0,0.0,20.0,43.56504570889735,1.0,15.639649615172674,5.0,5.0,149.071285888912, ,0.0, ,0.0,0.0,1,2.8833333333333333,0.0
109.0,3.0, ,autonomous,0.0,1.0,0.0,-2.8413824673838377,1.0,0.0,45.36160695943175,15.0,0.0,15.0,45.36160695943175,1.0,15.667476080011944,5.0,5.0,148.235991698784, ,0.0, ,0.0,0.0,1,2.8833333333333333,0.0
110.0,3.0, ,autonomous,0.0,1.0,0.0,-2.8413824673838377,1.0,0.0,45.772479367102996,20.0,0.0,20.0,45.772479367102996,1.0,15.64513160352383,5.0,5.0,148.35474586831998, ,0.0, ,0.0,0.0,1,2.8833333333333333,0.0
111.0,3.0, ,autonomous,0.0,1.0,0.0,-2.8413824673838377,1.0,0.0,50.06050305431989,15.0,0.0,15.0,50.06050305431989,1.0,15.663429219572418,5.0,5.0,139.209844920233, ,0.0, ,0.0,0.0,1,2.8833333333333333,0.0
112.0,3.0, ,autonomous,0.0,1.0,0.0,-2.8413824673838377,1.0,0.0,48.3821970183891,15.0,0.0,15.0,48.3821970183891,1.0,15.652039545002326,5.0,5.0,129.025598678778, ,0.0, ,0.0,0.0,1,2.8833333333333333,0.0
113.0,3.0, ,autonomous,0.0,1.0,0.0,-2.8413824673838377,1.0,0.0,50.43368199656489,15.0,0.0,15.0,50.43368199656489,1.0,15.65891042009521,5.0,5.0,133.201907451315, ,0.0, ,0.0,0.0,1,2.8833333333333333,0.0
114.0,3.0, ,autonomous,0.0,1.0,0.0,-2.8413824673838377,1.0,0.0,49.31641809380478,15.0,0.0,15.0,49.31641809380478,1.0,15.65972008811154,5.0,5.0,128.488461736136, ,0.0, ,0.0,0.0,1,2.8833333333333333,0.0
115.0,3.0, ,autonomous,0.0,1.0,0.0,-2.8413824673838377,1.0,0.0,47.09829483077306,15.0,0.0,15.0,47.09829483077306,1.0,15.654097941546187,5.0,5.0,125.782999169832, ,0.0, ,0.0,0.0,1,2.8833333333333333,0.0
116.0,3.0, ,autonomous,0.0,1.0,0.0,-2.8413824673838377,1.0,0.0,49.998140367922105,15.0,0.0,15.0,49.998140367922105,1.0,15.65742332466306,5.0,5.0,130.48016701461398, ,0.0, ,0.0,0.0,1,2.8833333333333333,0.0
117.0,3.0, ,autonomous,0.0,1.0,0.0,-2.8413824673838377,1.0,0.0,48.439916039457636,15.0,0.0,15.0,48.439916039457636,1.0,15.656197716253484,5.0,5.0,135.44262650341298, ,0.0, ,0.0,0.0,1,2.8833333333333333,0.0
118.0,3.0, ,autonomous,0.0,1.0,0.0,-2.8413824673838377,1.0,0.0,49.145201808566675,15.0,0.0,15.0,49.145201808566675,1.0,15.66285291844655,5.0,5.0,139.105274872023, ,0.0, ,0.0,0.0,1,2.8833333333333333,0.0
119.0,3.0, ,autonomous,0.0,1.0,0.0,-2.8413824673838377,1.0,0.0,49.465939213679526,15.0,0.0,15.0,49.465939213679526,1.0,15.651123119820626,5.0,5.0,140.370578326783, ,0.0, ,0.0,0.0,1,2.8833333333333333,0.0
120.0,3.0, ,autonomous,0.0,1.0,0.0,-2.8413824673838377,1.0,0.0,47.490065085554654,15.0,0.0,15.0,47.490065085554654,1.0,15.669009422464258,5.0,5.0,137.760022041604, ,0.0, ,0.0,0.0,1,2.8833333333333333,0.0
121.0,3.0, ,autonomous,0.0,1.0,0.0,-2.8413824673838377,1.0,0.0,50.155251356637656,20.0,0.0,20.0,50.155251356637656,1.0,15.646157303448252,5.0,5.0,139.735062321838, ,0.0, ,0.0,0.0,1,2.8833333333333333,0.0
122.0,3.0, ,autonomous,0.0,1.0,0.0,-2.8413824673838377,1.0,0.0,81.92498549133978,15.0,0.0,15.0,81.92498549133978,1.0,15.672941225667751,5.0,5.0,143.860052940499, ,0.0, ,0.0,0.0,1,2.8833333333333333,0.0
123.0,3.0,cyclist alarm,autonomous,0.0,1.0,0.0,-2.8413824673838377,1.0,0.0,88.5037743583906,20.0,0.0,20.0,88.5037743583906,1.0,15.641147574853331,5.0,5.0,143.860052940499, ,0.0,cyclist detected,28.04842758178711,0.0,1,2.8833333333333333,0.0
124.0,3.0,cyclist alarm,autonomous,0.0,1.0,0.0,-2.8413824673838377,1.0,0.0,41.00074768066406,15.0,0.0,15.0,41.00074768066406,1.0,15.674496914047658,5.0,5.0,143.303430684131,cyclist detected,16.558975219726562,cyclist detected,13.23728847503662,0.0,1,2.8833333333333333,0.0
125.0,2.0, ,autonomous,0.0,1.0,0.0,-2.8413824673838377,1.0,0.0,-0.5380547046661377,20.0,0.0,20.0,-0.5380547046661377,1.0,15.637203936568758,5.0,5.0,129.3861919056, ,0.0, ,0.0,0.0,1,2.8833333333333333,-1.0
126.0,2.0, ,autonomous,0.0,1.0,0.0,-2.8413824673838377,1.0,0.0,50.643458475599864,15.0,0.0,15.0,50.643458475599864,1.0,15.669317025231722,5.0,5.0,130.756557441356, ,0.0, ,0.0,0.0,1,2.8833333333333333,0.0
127.0,2.0, ,autonomous,0.0,1.0,0.0,-2.8413824673838377,1.0,0.0,24.80416592991601,20.0,0.0,20.0,24.80416592991601,1.0,15.636571151060867,5.0,5.0,133.6826907652, ,0.0, ,0.0,0.0,1,2.8833333333333333,0.0
128.0,2.0, ,autonomous,0.0,1.0,0.0,-2.8413824673838377,1.0,0.0,6.265783335483548,15.0,0.0,15.0,6.265783335483548,1.0,15.669831673228519,5.0,5.0,130.848947974458, ,0.0, ,0.0,0.0,1,2.8833333333333333,0.0
129.0,2.0, ,autonomous,0.0,1.0,0.0,-2.8413824673838377,1.0,0.0,-0.2124333862288068,20.0,0.0,20.0,-0.2124333862288068,1.0,15.641218575876868,5.0,5.0,132.534591528389, ,0.0, ,0.0,0.0,1,2.8833333333333333,0.0
130.0,2.0, ,autonomous,0.0,1.0,0.0,-2.8413824673838377,1.0,0.0,-1.1122493707437895,15.0,0.0,15.0,-1.1122493707437895,1.0,15.664630920468525,5.0,5.0,135.146092926453, ,0.0, ,0.0,0.0,1,2.8833333333333333,0.0
131.0,2.0, ,autonomous,0.0,1.0,0.0,-2.8413824673838377,1.0,0.0,-0.6845498302240584,20.0,0.0,20.0,-0.6845498302240584,1.0,15.644363288381324,5.0,5.0,143.525561902575, ,0.0, ,0.0,0.0,1,2.8833333333333333,0.0
132.0,2.0, ,autonomous,0.0,1.0,0.0,-2.8413824673838377,1.0,0.0,-0.22461185890667054,15.0,0.0,15.0,-0.22461185890667054,1.0,15.660448273334422,5.0,5.0,137.351317199132, ,0.0, ,0.0,0.0,1,2.8833333333333333,0.0
133.0,3.0, ,autonomous,0.0,1.0,0.0,-2.8413824673838377,1.0,0.0,-0.04134585363253003,15.0,0.0,15.0,-0.04134585363253003,1.0,15.655148667434453,5.0,5.0,138.37766031051902, ,0.0, ,0.0,0.0,1,2.8833333333333333,1.0
134.0,3.0, ,autonomous,0.0,1.0,0.0,-2.8413824673838377,1.0,0.0,0.025366512470509358,15.0,0.0,15.0,0.025366512470509358,1.0,15.655875207329053,5.0,5.0,139.41945737947202, ,0.0, ,0.0,0.0,1,2.8833333333333333,0.0
135.0,3.0, ,autonomous,0.0,1.0,0.0,-2.8413824673838377,1.0,0.0,0.014530792081010603,15.0,0.0,15.0,0.014530792081010603,1.0,15.662780541174007,5.0,5.0,140.477060096086, ,0.0, ,0.0,0.0,1,2.8833333333333333,0.0
136.0,3.0, ,autonomous,0.0,1.0,0.0,-2.8413824673838377,1.0,0.0,0.0256811554577108,15.0,0.0,15.0,0.0256811554577108,1.0,15.651059483628476,5.0,5.0,139.629702030216, ,0.0, ,0.0,0.0,1,2.8833333333333333,0.0
137.0,3.0, ,autonomous,0.0,1.0,0.0,-2.8413824673838377,1.0,0.0,0.020452989711246542,15.0,0.0,15.0,0.020452989711246542,1.0,15.668946983136639,5.0,5.0,140.690509018262, ,0.0, ,0.0,0.0,1,2.8833333333333333,0.0
138.0,3.0, ,autonomous,0.0,1.0,0.0,-2.8413824673838377,1.0,0.0,-43.94790675199478,20.0,0.0,20.0,-43.94790675199478,1.0,15.648670118318925,5.0,5.0,142.203009015671, ,0.0, ,0.0,0.0,1,2.8833333333333333,0.0
139.0,3.0, ,autonomous,0.0,1.0,0.0,-2.8413824673838377,1.0,0.0,-42.646746642981405,15.0,0.0,15.0,-42.646746642981405,1.0,15.672821459924036,5.0,5.0,143.192622716078, ,0.0, ,0.0,0.0,1,2.8833333333333333,0.0
140.0,3.0, ,autonomous,0.0,1.0,0.0,-2.8413824673838377,1.0,0.0,-57.359195038282024,20.0,0.0,20.0,-57.359195038282024,1.0,15.641089691931024,5.0,5.0,144.30847379358102, ,0.0, ,0.0,0.0,1,2.8833333333333333,0.0
141.0,3.0, ,autonomous,0.0,1.0,0.0,-2.8413824673838377,1.0,0.0,-58.228732980054495,15.0,0.0,15.0,-58.228732980054495,1.0,15.674470381353581,5.0,5.0,144.759698899826, ,0.0, ,0.0,0.0,1,2.8833333333333333,0.0
142.0,3.0, ,autonomous,0.0,1.0,0.0,-2.8413824673838377,1.0,0.0,-59.50454336913178,20.0,0.0,20.0,-59.50454336913178,1.0,15.637193483425053,5.0,5.0,144.30847379358102, ,0.0, ,0.0,0.0,1,2.8833333333333333,0.0
143.0,3.0, ,autonomous,0.0,1.0,0.0,-2.8413824673838377,1.0,0.0,-62.44255350705246,15.0,0.0,15.0,-62.44255350705246,1.0,15.674372410446992,5.0,5.0,144.64662828709498, ,0.0, ,0.0,0.0,1,2.8833333333333333,0.0
144.0,3.0, ,autonomous,0.0,1.0,0.0,-2.8413824673838377,1.0,0.0,-97.81615209977946,20.0,0.0,20.0,-97.81615209977946,1.0,15.633784785740268,5.0,5.0,145.785345657055, ,0.0, ,0.0,0.0,1,2.8833333333333333,0.0
145.0,3.0, ,autonomous,0.0,1.0,0.0,-2.8413824673838377,1.0,0.0,-43.95423348154471,15.0,0.0,15.0,-43.95423348154471,1.0,15.676493789918004,5.0,5.0,145.441852347431, ,0.0, ,0.0,0.0,1,2.8833333333333333,0.0
146.0,3.0, ,autonomous,0.0,1.0,0.0,-2.8413824673838377,1.0,0.0,117.51757369708345,20.0,0.0,20.0,117.51757369708345,1.0,15.636867760099314,5.0,5.0,146.130465279401, ,0.0, ,0.0,0.0,1,2.8833333333333333,0.0
147.0,3.0, ,autonomous,0.0,1.0,0.0,-2.8413824673838377,1.0,0.0,38.48669076819368,15.0,0.0,15.0,38.48669076819368,1.0,15.673187085222473,5.0,5.0,147.058823529412, ,0.0, ,0.0,0.0,1,2.8833333333333333,0.0
148.0,3.0, ,autonomous,0.0,1.0,0.0,-2.8413824673838377,1.0,0.0,53.780692244212815,20.0,0.0,20.0,53.780692244212815,1.0,15.636374391388307,5.0,5.0,147.880867173405, ,0.0, ,0.0,0.0,1,2.8833333333333333,0.0
149.0,3.0, ,autonomous,0.0,1.0,0.0,-2.8413824673838377,1.0,0.0,54.249659124475485,15.0,0.0,15.0,54.249659124475485,1.0,15.672330114719065,5.0,5.0,148.592825938364, ,0.0, ,0.0,0.0,1,2.8833333333333333,0.0
150.0,3.0, ,autonomous,0.0,1.0,0.0,-2.8413824673838377,1.0,0.0,52.54589729339908,20.0,0.0,20.0,52.54589729339908,1.0,15.639787687530086,5.0,5.0,149.31167318661002, ,0.0, ,0.0,0.0,1,2.8833333333333333,0.0
151.0,3.0, ,autonomous,0.0,1.0,0.0,-2.8413824673838377,1.0,0.0,52.04313997220349,15.0,0.0,15.0,52.04313997220349,1.0,15.6675952792643,5.0,5.0,150.15916871884198, ,0.0, ,0.0,0.0,1,2.8833333333333333,0.0
152.0,3.0, ,autonomous,0.0,1.0,0.0,-2.8413824673838377,1.0,0.0,37.29506933160056,20.0,0.0,20.0,37.29506933160056,1.0,15.645228675521887,5.0,5.0,150.89328826653798, ,0.0, ,0.0,0.0,1,2.8833333333333333,0.0
153.0,3.0, ,autonomous,0.0,1.0,0.0,-2.8413824673838377,1.0,0.0,7.002119998410735,15.0,0.0,15.0,7.002119998410735,1.0,15.663513121904133,5.0,5.0,151.758885482745, ,0.0, ,0.0,0.0,1,2.8833333333333333,0.0
154.0,3.0, ,autonomous,0.0,1.0,0.0,-2.8413824673838377,1.0,0.0,-0.8926338581804738,15.0,0.0,15.0,-0.8926338581804738,1.0,15.652101927503695,5.0,5.0,152.257985931362, ,0.0, ,0.0,0.0,1,2.8833333333333333,0.0
155.0,3.0, ,autonomous,0.0,1.0,0.0,-2.8413824673838377,1.0,0.0,-2.0889991057014026,15.0,0.0,15.0,-2.0889991057014026,1.0,15.661325286373609,5.0,5.0,152.760380067826, ,0.0, ,0.0,0.0,1,2.8833333333333333,0.0
156.0,3.0, ,autonomous,0.0,1.0,0.0,-2.8413824673838377,1.0,0.0,-0.8750916097026745,15.0,0.0,15.0,-0.8750916097026745,1.0,15.653428091397092,5.0,5.0,152.886497064579, ,0.0, ,0.0,0.0,1,2.8833333333333333,0.0
157.0,3.0, ,autonomous,0.0,1.0,0.0,-2.8413824673838377,1.0,0.0,-0.2871605418109857,15.0,0.0,15.0,-0.2871605418109857,1.0,15.661089066277892,5.0,5.0,152.886497064579, ,0.0, ,0.0,0.0,1,2.8833333333333333,0.0
158.0,3.0, ,autonomous,0.0,1.0,0.0,-2.8413824673838377,1.0,0.0,-0.07010276660653805,15.0,0.0,15.0,-0.07010276660653805,1.0,15.659198274378063,5.0,5.0,153.64759387868, ,0.0, ,0.0,0.0,1,2.8833333333333333,0.0
159.0,3.0, ,autonomous,0.0,1.0,0.0,-2.8413824673838377,1.0,0.0,0.004390557769133059,15.0,0.0,15.0,0.004390557769133059,1.0,15.656087074188216,5.0,5.0,154.416306361952, ,0.0, ,0.0,0.0,1,2.8833333333333333,0.0
160.0,3.0, ,autonomous,0.0,1.0,0.0,-2.8413824673838377,1.0,0.0,0.0009282817696563727,15.0,0.0,15.0,0.0009282817696563727,1.0,15.66297648388167,5.0,5.0,154.93306891422898, ,0.0, ,0.0,0.0,1,2.8833333333333333,0.0
161.0,3.0, ,autonomous,0.0,1.0,0.0,-2.8413824673838377,1.0,0.0,-0.012126699042486104,15.0,0.0,15.0,-0.012126699042486104,1.0,15.65123981318308,5.0,5.0,155.453301828131, ,0.0, ,0.0,0.0,1,2.8833333333333333,0.0
162.0,3.0, ,autonomous,0.0,1.0,0.0,-2.8413824673838377,1.0,0.0,0.004734335005071588,15.0,0.0,15.0,0.004734335005071588,1.0,15.66635617199013,5.0,5.0,155.714730613516, ,0.0, ,0.0,0.0,1,2.8833333333333333,0.0
163.0,3.0, ,autonomous,0.0,1.0,0.0,-2.8413824673838377,1.0,0.0,0.002873769043398866,20.0,0.0,20.0,0.002873769043398866,1.0,15.646252554361016,5.0,5.0,156.240234985313, ,0.0, ,0.0,0.0,1,2.8833333333333333,0.0
164.0,3.0, ,autonomous,0.0,1.0,0.0,-2.8413824673838377,1.0,0.0,0.024997128562584302,15.0,0.0,15.0,0.024997128562584302,1.0,15.672964237831357,5.0,5.0,156.108526647725, ,0.0, ,0.0,0.0,1,2.8833333333333333,0.0
165.0,3.0, ,autonomous,0.0,1.0,0.0,-2.8413824673838377,1.0,0.0,-0.0015284193874975929,20.0,0.0,20.0,-0.0015284193874975929,1.0,15.641212138663496,5.0,5.0,154.80355428960698, ,0.0, ,0.0,0.0,1,2.8833333333333333,0.0
166.0,3.0, ,autonomous,0.0,1.0,0.0,-2.8413824673838377,1.0,0.0,0.0008216850746339821,15.0,0.0,15.0,0.0008216850746339821,1.0,15.674579872949344,5.0,5.0,153.266100603868, ,0.0, ,0.0,0.0,1,2.8833333333333333,0.0
167.0,3.0, ,autonomous,0.0,1.0,0.0,-2.8413824673838377,1.0,0.0,0.018287323212845444,20.0,0.0,20.0,0.018287323212845444,1.0,15.636389615519414,5.0,5.0,148.47369046205, ,0.0, ,0.0,0.0,1,2.8833333333333333,0.0
168.0,3.0, ,autonomous,0.0,1.0,0.0,-2.8413824673838377,1.0,0.0,-0.02017748962803509,15.0,0.0,15.0,-0.02017748962803509,1.0,15.676683816468573,5.0,5.0,146.59317462178998, ,0.0, ,0.0,0.0,1,2.8833333333333333,0.0
169.0,3.0, ,autonomous,0.0,1.0,0.0,-2.8413824673838377,1.0,0.0,-0.0012559650677257395,20.0,0.0,20.0,-0.0012559650677257395,1.0,15.638424877136119,5.0,5.0,148.951382268827, ,0.0, ,0.0,0.0,1,2.8833333333333333,0.0
170.0,3.0, ,autonomous,0.0,1.0,0.0,-2.8413824673838377,1.0,0.0,-0.02293638361474468,15.0,0.0,15.0,-0.02293638361474468,1.0,15.674196023642766,5.0,5.0,149.071285888912, ,0.0, ,0.0,0.0,1,2.8833333333333333,0.0
171.0,3.0,obstacle alarm,autonomous,0.0,1.0,0.0,-2.8413824673838377,1.0,0.0,-47.729958806719104,20.0,0.0,20.0,-47.729958806719104,1.0,15.636041608072047,5.0,5.0,143.748382830693,obstacle detected,32.61624526977539,obstacle detected,29.49026298522949,0.0,1,2.8833333333333333,0.0
172.0,3.0,obstacle alarm,autonomous,0.0,1.0,0.0,-2.8413824673838377,1.0,0.0,-5.374566997800555,15.0,0.0,15.0,-5.374566997800555,1.0,15.674045988469773,5.0,5.0,144.42101614626998,obstacle detected,21.33285140991211,obstacle detected,14.737473487854006,0.0,1,2.8833333333333333,0.0
173.0,3.0,obstacle alarm,autonomous,0.0,1.0,0.0,-2.8413824673838377,1.0,0.0,61.30859113469072,20.0,0.0,20.0,61.30859113469072,1.0,15.636706273704991,5.0,5.0,146.361454247409, ,0.0,obstacle detected,3.267406940460205,0.0,1,2.8833333333333333,0.0
174.0,3.0, ,autonomous,0.0,1.0,0.0,-2.8413824673838377,1.0,0.0,24.534949595553783,15.0,0.0,15.0,24.534949595553783,1.0,15.672469677075105,5.0,5.0,147.76287014598998, ,0.0, ,0.0,0.0,1,2.8833333333333333,0.0
175.0,2.0, ,autonomous,0.0,1.0,0.0,-2.8413824673838377,1.0,0.0,6.561029255635537,20.0,0.0,20.0,6.561029255635537,1.0,15.639882542421562,5.0,5.0,142.203009015671, ,0.0, ,0.0,0.0,1,2.8833333333333333,-1.0
176.0,2.0, ,autonomous,0.0,1.0,0.0,-2.8413824673838377,1.0,0.0,0.38339378784307465,15.0,0.0,15.0,0.38339378784307465,1.0,15.667690172022587,5.0,5.0,133.393805191687, ,0.0, ,0.0,0.0,1,2.8833333333333333,0.0
177.0,3.0, ,autonomous,0.0,1.0,0.0,-2.8413824673838377,1.0,0.0,-0.54060006847977,20.0,0.0,20.0,-0.54060006847977,1.0,15.645318899176777,5.0,5.0,136.340086712295, ,0.0, ,0.0,0.0,1,2.8833333333333333,1.0
178.0,3.0, ,autonomous,0.0,1.0,0.0,-2.8413824673838377,1.0,0.0,-0.3191052576705861,15.0,0.0,15.0,-0.3191052576705861,1.0,15.663604111368278,5.0,5.0,140.690509018262, ,0.0, ,0.0,0.0,1,2.8833333333333333,0.0
179.0,3.0, ,autonomous,0.0,1.0,0.0,-2.8413824673838377,1.0,0.0,-0.06714235133642693,20.0,0.0,20.0,-0.06714235133642693,1.0,15.646097632531193,5.0,5.0,143.192622716078, ,0.0, ,0.0,0.0,1,2.8833333333333333,0.0
